Match ID 18Char,Activation_Month
a1v2J0000028pRvQAI,3
a1v2J000002uR0JQAU,4
a1v2J0000027NsOQAU,3
a1v2J0000027dtOQAQ,1
a1v2J0000028enKQAQ,4
a1v2J000002ACUBQA4,3
a1v2J000002uTnjQAE,7
a1v2J0000027tNzQAI,3
a1v2J0000028PciQAE,10
a1v2J000002esTYQAY,5
a1v2J0000028GltQAE,3
a1v2J000002uRlgQAE,10
a1v2J0000027UAeQAM,9
a1v2J0000027ogFQAQ,2
a1v2J0000028DktQAE,10
a1v2J000002uUBsQAM,1
a1v2J0000028MtYQAU,3
a1v2J0000028FvmQAE,1
a1v2J00000281ZgQAI,4
a1v2J000002ACf1QAG,4
a1v2J0000027tYAQAY,9
a1v2J000002fJvrQAE,6
a1v2J000003tjssQAA,8
a1v2J0000028rRMQAY,7
a1v2J0000027ViNQAU,10
a1v2J000003m4NhQAI,5
a1v2J000002ADm5QAG,1
a1v2J0000028FQ1QAM,1
a1v2J0000027XXAQA2,9
a1v2J0000027ui5QAA,11
a1v2J000002852lQAA,11
a1v2J0000028MCPQA2,6
a1v2J00000284lkQAA,3
a1v2J0000028HBzQAM,6
a1v2J0000028f1UQAQ,4
a1v2J000002AFgbQAG,6
a1v2J00000285GPQAY,2
a1v2J0000028BTsQAM,6
a1v2J0000028f5wQAA,3
a1v2J000002AEWgQAO,4
a1v2J0000028TBiQAM,2
a1v2J0000038WA9QAM,9
a1v2J0000027yFzQAI,1
a1v2J0000028elqQAA,4
a1v2J0000027Yo4QAE,1
a1v2J0000027vAsQAI,2
a1v2J0000027bhcQAA,1
a1v2J0000027aW3QAI,5
a1v2J0000027b6OQAQ,6
a1v2J0000028DERQA2,5
a1v2J0000028IusQAE,1
a1v2J000002AF8tQAG,6
a1v2J00000283VbQAI,8
a1v2J0000028AldQAE,3
a1v2J0000038CVBQA2,7
a1v2J00000284cZQAQ,1
a1v2J0000028SvNQAU,7
a1v2J0000028MX5QAM,9
a1v2J000002uRJ9QAM,6
a1v2J0000028UxaQAE,8
a1v2J0000027tYMQAY,6
a1v2J0000028ItJQAU,3
a1v2J0000027ynVQAQ,12
a1v2J000002eh53QAA,7
a1v2J0000028BuFQAU,2
a1v2J000002811EQAQ,3
a1v2J0000028LzbQAE,2
a1v2J0000027HE3QAM,3
a1v2J0000028JASQA2,4
a1v2J0000027w0sQAA,2
a1v2J0000028CKWQA2,8
a1v2J00000285eZQAQ,8
a1v2J0000028eSkQAI,5
a1v2J000002uU92QAE,11
a1v2J0000028ooUQAQ,3
a1v2J0000028As5QAE,1
a1v2J000002uSrAQAU,11
a1v2J000002egBZQAY,6
a1v2J000002fKriQAE,6
a1v2J000002ABLMQA4,1
a1v2J0000028ko7QAA,1
a1v2J0000027c62QAA,7
a1v2J00000286ZSQAY,7
a1v2J0000028ZYMQA2,7
a1v2J0000028MSyQAM,6
a1v2J000002uSlRQAU,6
a1v2J0000028ZWeQAM,4
a1v2J0000028nYNQAY,8
a1v2J00000282baQAA,4
a1v2J0000039wUlQAI,1
a1v2J0000028evXQAQ,4
a1v2J00000289yPQAQ,7
a1v2J0000028sALQAY,6
a1v2J0000028iaKQAQ,12
a1v2J000002egSuQAI,4
a1v2J0000038u6iQAA,10
a1v2J0000028e4YQAQ,5
a1v2J00000285ICQAY,5
a1v2J000002ADeWQAW,2
a1v2J0000028nu7QAA,8
a1v2J0000028QIaQAM,12
a1v2J0000027uilQAA,2
a1v2J0000028E3GQAU,8
a1v2J0000027sUQQAY,6
a1v2J00000285A9QAI,7
a1v2J000002859PQAQ,8
a1v2J000002807EQAQ,5
a1v2J0000027hlxQAA,11
a1v2J0000027rQ2QAI,6
a1v2J000003L91zQAC,10
a1v2J0000028lgDQAQ,8
a1v2J00000287MxQAI,12
a1v2J000002fNSHQA2,6
a1v2J0000027WkRQAU,7
a1v2J0000027u44QAA,2
a1vHt000004fbHkIAI,11
a1v2J0000041cjGQAQ,10
a1v2J000002uRbHQAU,9
a1v2J0000027u3qQAA,3
a1v2J0000027HCqQAM,8
a1v2J0000028d72QAA,11
a1v2J00000288KPQAY,7
a1v2J0000028exHQAQ,9
a1v2J0000028CsyQAE,12
a1v2J0000028fpfQAA,8
a1v2J0000028OZSQA2,8
a1v2J0000038WUsQAM,9
a1v2J0000028M05QAE,8
a1v2J0000027dAAQAY,4
a1v2J0000028kVuQAI,12
a1v2J0000028KFTQA2,5
a1v2J0000027gqzQAA,3
a1v2J0000039W8PQAU,12
a1v2J0000027cuuQAA,7
a1v2J0000028JqqQAE,5
a1v2J000002AG0nQAG,3
a1v2J0000027lDMQAY,1
a1v2J00000288oUQAQ,8
a1v2J000002uRkvQAE,10
a1v2J0000028a1nQAA,7
a1v2J000003WpZZQA0,9
a1v2J0000028OF9QAM,9
a1v2J0000027vKcQAI,1
a1v2J0000027esxQAA,11
a1v2J0000038KNMQA2,7
a1v2J0000039DX4QAM,10
a1v2J0000028SwLQAU,7
a1v2J000003NXK6QAO,3
a1v2J0000028bTBQAY,3
a1v2J00000399waQAA,10
a1v2J0000028eF8QAI,3
a1v2J000003FNd3QAG,6
a1v2J0000028BS3QAM,5
a1v2J0000028L6mQAE,3
a1v2J000002AFU4QAO,5
a1v2J0000027dACQAY,10
a1v2J0000027ZDtQAM,1
a1v2J0000039ySdQAI,2
a1v2J000002fCddQAE,6
a1v2J0000038uWvQAI,12
a1v2J000003B8qcQAC,8
a1v2J000003AUiOQAW,5
a1v2J00000280buQAA,7
a1v2J0000037hvcQAA,7
a1vHt000004kUfQIAU,5
a1v2J0000027dAjQAI,4
a1v2J000002ugdBQAQ,4
a1v2J0000028As3QAE,4
a1v2J0000028KvjQAE,3
a1v2J0000027TeKQAU,6
a1v2J0000027ViJQAU,4
a1v2J000002eoumQAA,6
a1v2J0000028BHTQA2,1
a1v2J0000028AqFQAU,10
a1v2J0000028YH0QAM,3
a1v2J000002egLFQAY,4
a1v2J0000028ZFaQAM,4
a1v2J000002fLebQAE,6
a1v2J000003S38HQAS,8
a1v2J000003A6zrQAC,3
a1v2J0000028f6iQAA,11
a1v2J00000280EfQAI,6
a1v2J0000027tT8QAI,4
a1v2J00000282FFQAY,2
a1v2J000002fABfQAM,6
a1v2J0000038WtrQAE,8
a1v2J0000028DDQQA2,8
a1v2J0000028OtRQAU,4
a1v2J000002fKPXQA2,6
a1v2J0000038ZFAQA2,8
a1v2J0000027kGiQAI,2
a1v2J0000028F4pQAE,1
a1v2J0000027tTDQAY,4
a1v2J00000289AEQAY,8
a1v2J000002egUCQAY,5
a1v2J000002uRqVQAU,2
a1v2J0000027rCFQAY,10
a1v2J0000028VD6QAM,6
a1v2J000002ubJgQAI,4
a1v2J0000027GVZQA2,9
a1v2J000002ehANQAY,7
a1v2J000002fKdNQAU,6
a1v2J0000028fiGQAQ,12
a1v2J0000037huoQAA,9
a1v2J000002fH9cQAE,6
a1v2J0000028N84QAE,7
a1v2J000002uUjZQAU,12
a1v2J000002fMxjQAE,8
a1v2J0000038SKWQA2,8
a1v2J0000038fuUQAQ,9
a1v2J0000027nKvQAI,2
a1v2J000002fNzIQAU,8
a1v2J000002esZRQAY,6
a1v2J0000038kEaQAI,11
a1v2J0000038YQNQA2,9
a1v2J0000038t1NQAQ,10
a1v2J000002ufYyQAI,4
a1v2J0000028XaoQAE,6
a1v2J000002eoojQAA,6
a1v2J0000027rMRQAY,4
a1v2J000003AAV2QAO,4
a1v2J000002esZbQAI,5
a1v2J000003SW4uQAG,9
a1v2J0000027YmuQAE,5
a1v2J0000028Qk1QAE,8
a1v2J000003WJgEQAW,6
a1v2J000003ABaTQAW,3
a1v2J0000027cfhQAA,12
a1v2J000002fNgQQAU,6
a1v2J000002eiplQAA,5
a1v2J0000028cmYQAQ,4
a1v2J000003LPLFQA4,11
a1v2J0000028Au2QAE,3
a1v2J000002uejDQAQ,4
a1v2J0000038XK2QAM,8
a1v2J000003SJLQQA4,10
a1v2J0000027q8jQAA,4
a1v2J0000038YAHQA2,8
a1v2J0000028lGtQAI,10
a1v2J000002uSQEQA2,4
a1v2J000002fNnlQAE,7
a1v2J00000286mlQAA,4
a1v2J000002egMIQAY,4
a1v2J0000038YbKQAU,8
a1v2J0000028HAHQA2,5
a1v2J0000039BvTQAU,11
a1v2J000003LI38QAG,10
a1v2J000003TdSaQAK,1
a1v2J000002fLeqQAE,6
a1v2J0000027pcyQAA,4
a1v2J0000028VeDQAU,4
a1v2J000002uR1fQAE,8
a1v2J0000028WQjQAM,2
a1v2J0000027sW3QAI,5
a1v2J0000038vFvQAI,10
a1v2J0000027TmmQAE,10
a1v2J000003B6AZQA0,7
a1v2J0000028ab7QAA,4
a1v2J0000028AozQAE,4
a1v2J000002uSkcQAE,7
a1v2J0000028CpJQAU,8
a1v2J0000041KHyQAM,9
a1v2J0000039vyqQAA,2
a1v2J00000290XHQAY,2
a1v2J000002eosWQAQ,6
a1v2J000002uTeQQAU,12
a1v2J0000027nuaQAA,3
a1v2J000002ABIAQA4,2
a1v2J0000028XdbQAE,9
a1v2J000002ff2xQAA,5
a1v2J0000027sKnQAI,1
a1v2J0000038S5MQAU,8
a1v2J0000027si8QAA,5
a1v2J0000038SNfQAM,9
a1v2J000002egMDQAY,5
a1v2J000004NuEoQAK,4
a1v2J0000028NBMQA2,11
a1v2J0000027tEqQAI,2
a1v2J00000286T6QAI,4
a1v2J00000392bbQAA,10
a1v2J0000028qYTQAY,4
a1v2J000002853DQAQ,2
a1v2J0000027Ns5QAE,3
a1v2J00000290crQAA,2
a1v2J000003N96hQAC,3
a1v2J000002ABVwQAO,4
a1v2J0000027m0mQAA,2
a1v2J00000289NBQAY,3
a1v2J000002fJtCQAU,6
a1v2J000003TPZHQA4,11
a1v2J0000027V8aQAE,3
a1v2J000002ADgWQAW,2
a1v2J0000027iv2QAA,9
a1v2J0000028LgeQAE,1
a1v2J0000028MNmQAM,4
a1v2J0000028aCfQAI,3
a1v2J0000028gKWQAY,4
a1v2J0000028WxSQAU,5
a1v2J000003FLM4QAO,6
a1v2J0000028AoYQAU,3
a1v2J0000028OGgQAM,11
a1v2J0000038eLYQAY,8
a1v2J0000027i8YQAQ,9
a1v2J0000027tEgQAI,2
a1v2J00000287FwQAI,9
a1v2J0000027esBQAQ,4
a1v2J0000027YfxQAE,11
a1v2J0000028AjPQAU,4
a1v2J0000027wbIQAQ,3
a1v2J0000028MCfQAM,3
a1v2J00000289qYQAQ,2
a1v2J0000028H9FQAU,4
a1v2J0000028aD9QAI,5
a1v2J0000027HExQAM,4
a1v2J0000028eznQAA,4
a1v2J0000028AWyQAM,4
a1v2J000002AFvXQAW,4
a1v2J0000028LldQAE,4
a1v2J0000028DKVQA2,1
a1v2J0000028eZMQAY,1
a1v2J00000281SgQAI,1
a1v2J000002AErlQAG,2
a1v2J0000028e2eQAA,7
a1v2J0000028D92QAE,9
a1v2J0000027VX7QAM,5
a1v2J0000028WUAQA2,3
a1v2J000002AEW9QAO,4
a1v2J0000027f07QAA,10
a1v2J000002uglZQAQ,5
a1v2J000002cddgQAA,3
a1v2J0000027panQAA,2
a1v2J0000027pdOQAQ,4
a1v2J0000027YQ9QAM,9
a1v2J0000028qYxQAI,4
a1v2J0000038dl4QAA,8
a1v2J0000028HZfQAM,2
a1v2J0000028z5QQAQ,2
a1v2J0000028ctOQAQ,4
a1v2J000002ACF7QAO,3
a1v2J000002fAC4QAM,6
a1v2J0000028DLvQAM,1
a1v2J000002ADybQAG,7
a1v2J0000028CchQAE,4
a1v2J00000284ijQAA,5
a1v2J0000028KwhQAE,5
a1v2J00000289MOQAY,3
a1v2J000002ABwSQAW,5
a1v2J000003LQi9QAG,12
a1v2J0000027rGrQAI,6
a1v2J00000291Z7QAI,8
a1v2J0000028lBhQAI,1
a1v2J000003LAo5QAG,9
a1v2J0000027vvbQAA,2
a1v2J0000027tQUQAY,4
a1v2J0000028JpXQAU,7
a1v2J00000283bJQAQ,3
a1v2J0000028abPQAQ,4
a1v2J0000028VfUQAU,4
a1v2J0000027ruPQAQ,5
a1v2J000002uQyNQAU,3
a1v2J0000038WATQA2,8
a1v2J0000027ZqdQAE,2
a1v2J0000027rncQAA,10
a1v2J0000027nGBQAY,7
a1v2J000002ueovQAA,4
a1v2J0000027rolQAA,4
a1v2J0000028LcXQAU,6
a1v2J0000028oorQAA,3
a1v2J00000281TzQAI,8
a1v2J0000027KBtQAM,3
a1v2J0000027rb3QAA,7
a1v2J0000028SN5QAM,11
a1v2J000002uQNvQAM,6
a1v2J0000028f4yQAA,6
a1v2J0000027v1GQAQ,12
a1v2J0000027t1pQAA,2
a1v2J0000027tfSQAQ,11
a1v2J00000289BtQAI,2
a1v2J000002ug91QAA,4
a1v2J0000028WdaQAE,11
a1v2J0000028IbrQAE,6
a1v2J0000028DKmQAM,8
a1v2J000002uT8CQAU,4
a1v2J0000027xFIQAY,9
a1v2J0000028eb8QAA,7
a1v2J00000283KxQAI,8
a1v2J0000028FzFQAU,2
a1v2J0000027UpqQAE,3
a1v2J0000028nYdQAI,9
a1v2J00000284YyQAI,7
a1v2J0000027yseQAA,7
a1v2J0000027beIQAQ,3
a1v2J0000028YNDQA2,4
a1v2J0000028bUwQAI,2
a1v2J000003WO3NQAW,6
a1v2J000003AAjOQAW,3
a1v2J00000282i5QAA,5
a1v2J0000028CKZQA2,6
a1v2J000002AFc8QAG,6
a1v2J000002863bQAA,7
a1v2J000002fNFOQA2,7
a1v2J0000027zaoQAA,6
a1v2J0000028Q20QAE,6
a1v2J0000027v10QAA,1
a1v2J00000282AxQAI,5
a1v2J00000282QkQAI,7
a1v2J0000027m2BQAQ,2
a1v2J0000028eqsQAA,1
a1v2J0000028DvqQAE,8
a1v2J0000027w0gQAA,9
a1v2J000002f01LQAQ,6
a1v2J000002uQjOQAU,1
a1v2J000002uUjoQAE,5
a1v2J0000027GURQA2,7
a1v2J0000027vBfQAI,2
a1v2J00000282dPQAQ,8
a1v2J0000027mHLQAY,8
a1v2J000002eorxQAA,5
a1v2J0000028ootQAA,3
a1v2J0000028WgQQAU,2
a1v2J0000027qKAQAY,6
a1v2J0000027yrjQAA,4
a1v2J0000028GpvQAE,2
a1v2J0000027thJQAQ,7
a1v2J0000028MOOQA2,4
a1v2J0000028jCmQAI,12
a1v2J0000028A44QAE,4
a1v2J0000038jRgQAI,9
a1v2J0000027XlrQAE,2
a1v2J0000027xuVQAQ,11
a1v2J0000028Fz5QAE,3
a1v2J0000027wGKQAY,2
a1v2J0000039OW0QAM,11
a1v2J000002AFxiQAG,7
a1v2J0000028PGvQAM,1
a1v2J0000027eVRQAY,1
a1v2J0000027viRQAQ,11
a1v2J0000028KWYQA2,6
a1v2J0000028EGoQAM,8
a1v2J00000286zKQAQ,11
a1v2J000002AFanQAG,2
a1v2J000002ABJGQA4,7
a1v2J0000028PprQAE,2
a1v2J000002uUB2QAM,7
a1v2J0000027tXXQAY,9
a1v2J0000028GIFQA2,5
a1v2J00000288I0QAI,4
a1v2J0000028ZVbQAM,12
a1v2J000002fNNgQAM,7
a1v2J0000028dHaQAI,1
a1v2J0000028M9tQAE,2
a1v2J000002ABfvQAG,1
a1v2J000002uRJhQAM,8
a1v2J00000280hyQAA,8
a1v2J0000028pXBQAY,2
a1v2J0000028H2QQAU,1
a1v2J0000028ia1QAA,12
a1v2J00000287CRQAY,9
a1v2J0000027vvdQAA,1
a1v2J000003LBOLQA4,9
a1v2J0000027dshQAA,2
a1v2J0000028z5jQAA,10
a1v2J0000027q7AQAQ,11
a1v2J0000027xg8QAA,6
a1v2J0000027xhFQAQ,8
a1v2J0000028YysQAE,1
a1v2J00000284T9QAI,10
a1v2J0000027rH9QAI,2
a1v2J0000028eO1QAI,9
a1v2J0000028Z2rQAE,3
a1v2J0000028Jz9QAE,3
a1v2J0000028M6OQAU,4
a1v2J0000027gf7QAA,10
a1v2J00000290bMQAQ,7
a1v2J0000027mIlQAI,9
a1v2J0000028SfhQAE,5
a1v2J000002uUSuQAM,6
a1v2J0000027Vi0QAE,4
a1v2J0000027v06QAA,11
a1v2J00000288k7QAA,5
a1v2J000002ACCHQA4,6
a1v2J00000285BGQAY,4
a1v2J0000027Us2QAE,4
a1v2J00000288TjQAI,5
a1v2J0000028J9tQAE,5
a1v2J000002uTlWQAU,5
a1v2J0000028X6mQAE,3
a1v2J00000283CFQAY,11
a1v2J0000027sGaQAI,2
a1v2J0000027YXRQA2,11
a1v2J0000027y2QQAQ,9
a1v2J0000027XpHQAU,3
a1v2J0000028TkQQAU,5
a1v2J0000027qlpQAA,6
a1v2J0000028GHtQAM,2
a1v2J00000289GaQAI,11
a1v2J0000028W3uQAE,12
a1v2J0000027YoMQAU,10
a1v2J000002AB4gQAG,9
a1v2J000003AOo2QAG,5
a1v2J0000027uYmQAI,11
a1v2J0000028HFZQA2,4
a1v2J00000280qmQAA,6
a1v2J000002AFUEQA4,5
a1v2J0000028c2OQAQ,2
a1v2J0000039Wz8QAE,12
a1v2J0000028YvTQAU,5
a1v2J0000028AoNQAU,2
a1v2J000002AFTYQA4,5
a1v2J0000027w8SQAQ,7
a1v2J00000283kWQAQ,2
a1v2J000003Tjf0QAC,12
a1v2J000002uQSWQA2,5
a1v2J0000028VdzQAE,4
a1v2J0000028M9mQAE,9
a1v2J0000027zFJQAY,5
a1v2J0000027z7eQAA,4
a1v2J0000028QeHQAU,5
a1v2J000002fL2QQAU,6
a1v2J0000027eyPQAQ,5
a1v2J0000027sLKQAY,7
a1v2J000002uQxlQAE,4
a1v2J0000027wkLQAQ,11
a1v2J0000027ubwQAA,7
a1v2J0000028pWaQAI,2
a1v2J000002uSJMQA2,5
a1v2J000002uU7GQAU,7
a1v2J0000028ULfQAM,11
a1v2J000002ABGqQAO,4
a1v2J0000028LhZQAU,6
a1v2J00000286yWQAQ,8
a1v2J0000028KRHQA2,9
a1v2J0000027yt0QAA,9
a1v2J0000028LixQAE,6
a1v2J000002AE00QAG,5
a1v2J00000281oUQAQ,7
a1v2J0000027lbFQAQ,3
a1v2J0000028e26QAA,7
a1v2J000003WqujQAC,8
a1v2J0000027xGDQAY,8
a1v2J000002AGMGQA4,4
a1v2J0000027gGjQAI,7
a1v2J0000038eIFQAY,8
a1v2J000002845PQAQ,4
a1v2J0000028VIoQAM,10
a1v2J0000028RuJQAU,7
a1v2J00000288TfQAI,12
a1v2J00000282FLQAY,8
a1v2J0000027TtgQAE,3
a1v2J00000284UOQAY,9
a1v2J0000038vRNQAY,9
a1v2J0000038cwzQAA,8
a1v2J000002ADyxQAG,5
a1v2J0000038cwaQAA,8
a1v2J000002uT8xQAE,9
a1v2J0000027zcQQAQ,6
a1v2J000002fEw8QAE,5
a1v2J000002801BQAQ,10
a1v2J0000027TvCQAU,5
a1v2J000002AGFyQAO,7
a1v2J000002uSBcQAM,9
a1v2J0000027XncQAE,10
a1v2J00000283aPQAQ,4
a1v2J0000027uTPQAY,4
a1v2J0000039XYLQA2,12
a1v2J000002ufN7QAI,4
a1v2J000003S649QAC,8
a1v2J0000028ebrQAA,10
a1v2J000002AGBFQA4,11
a1v2J0000028Gj4QAE,9
a1v2J0000028WxoQAE,5
a1v2J0000028MO6QAM,10
a1v2J000003LFe3QAG,9
a1v2J00000289IXQAY,9
a1v2J0000028LyVQAU,2
a1v2J00000287iFQAQ,3
a1v2J0000027mJaQAI,9
a1v2J000002807LQAQ,6
a1v2J0000028K35QAE,7
a1v2J0000028CtNQAU,9
a1v2J0000027uDkQAI,8
a1v2J000003WkbcQAC,7
a1vHt000004gb14IAA,12
a1v2J0000027VgCQAU,2
a1v2J0000028mvEQAQ,8
a1v2J0000039QvbQAE,12
a1v2J0000027YQAQA2,12
a1v2J000004Ea3iQAC,1
a1v2J0000027WnOQAU,8
a1v2J0000027p6dQAA,8
a1v2J0000028GK3QAM,11
a1v2J00000391JKQAY,12
a1v2J0000028QIMQA2,3
a1v2J000002ADxdQAG,4
a1v2J0000027yTKQAY,7
a1v2J0000028rVoQAI,2
a1v2J0000028NyQQAU,9
a1v2J00000289J7QAI,8
a1v2J00000391lYQAQ,10
a1v2J0000028gBYQAY,2
a1v2J00000282vFQAQ,11
a1v2J000003AOnnQAG,4
a1v2J00000281mqQAA,3
a1v2J0000028e8eQAA,9
a1v2J0000027kxxQAA,11
a1v2J0000027UFmQAM,6
a1v2J000002uULhQAM,3
a1v2J000002eipWQAQ,5
a1v2J0000027bfpQAA,5
a1v2J000002888sQAA,3
a1v2J0000027xEjQAI,10
a1v2J0000028M32QAE,9
a1v2J0000037hoRQAQ,7
a1v2J000003jMwEQAU,4
a1v2J000002AGGcQAO,11
a1v2J0000028p0cQAA,2
a1v2J0000028jfNQAQ,11
a1v2J000002uRFjQAM,12
a1v2J000002ug8cQAA,4
a1v2J000002eh5hQAA,5
a1v2J000002ABfhQAG,12
a1v2J0000027gIrQAI,11
a1v2J0000027wGNQAY,4
a1v2J000002eh5DQAQ,6
a1v2J0000028PV4QAM,2
a1v2J000002uaOaQAI,3
a1v2J0000028OUjQAM,1
a1v2J0000028POPQA2,3
a1v2J00000391P8QAI,10
a1v2J000002uUSPQA2,2
a1v2J000002fKNbQAM,6
a1v2J0000028W8cQAE,6
a1v2J000003lFKuQAM,4
a1v2J00000285AKQAY,7
a1v2J00000283mlQAA,1
a1v2J00000284cpQAA,3
a1v2J00000391MdQAI,10
a1v2J0000028e9bQAA,4
a1v2J000002fCcBQAU,7
a1v2J000002fMwCQAU,7
a1v2J000002uQMuQAM,6
a1v2J0000027tYVQAY,7
a1v2J0000027X59QAE,8
a1v2J0000038NBzQAM,7
a1v2J000003LH2lQAG,10
a1v2J0000028e4gQAA,5
a1v2J000002efG8QAI,9
a1v2J000002egBPQAY,5
a1v2J0000028BKgQAM,5
a1v2J0000037hsxQAA,7
a1v2J000003LGKaQAO,9
a1v2J0000028MChQAM,2
a1v2J0000027lK5QAI,3
a1v2J000002fJS2QAM,6
a1v2J0000028BnFQAU,6
a1v2J000002fNLuQAM,6
a1v2J0000027uXGQAY,7
a1v2J000002fNz3QAE,7
a1v2J0000038eOwQAI,9
a1v2J0000039ReiQAE,12
a1v2J0000028OIeQAM,1
a1v2J000002fMwMQAU,7
a1v2J000002uTVGQA2,2
a1v2J000003F5OIQA0,5
a1v2J0000038VaMQAU,9
a1v2J0000027pehQAA,3
a1v2J000003WZX2QAO,7
a1v2J0000037hvSQAQ,7
a1v2J000002cdiHQAQ,2
a1vUX000000gX9FYAU,6
a1v2J0000027teeQAA,5
a1v2J000002fNrsQAE,7
a1v2J000002eouNQAQ,6
a1v2J0000028tK5QAI,4
a1v2J0000038vVUQAY,9
a1v2J000002uTEnQAM,1
a1v2J0000028Y6qQAE,2
a1v2J000003ApynQAC,6
a1v2J000003AzsxQAC,8
a1v2J000002uU3oQAE,7
a1v2J000003AEhgQAG,4
a1v2J0000038aTyQAI,8
a1vHt0000057XBGIA2,9
a1v2J000002ugGRQAY,5
a1v2J0000038ihFQAQ,9
a1v2J0000027WFVQA2,8
a1v2J0000038fvSQAQ,8
a1v2J000002fNOFQA2,7
a1v2J0000027TwBQAU,7
a1v2J00000280tBQAQ,6
a1v2J000003A9C9QAK,3
a1v2J0000037hv3QAA,7
a1v2J000002fJvhQAE,6
a1v2J000002clJFQAY,3
a1v2J0000028zQZQAY,7
a1v2J0000039hhsQAA,2
a1v2J000002ccWHQAY,2
a1v2J000003LI2jQAG,10
a1v2J000002ufLzQAI,4
a1v2J0000038eM7QAI,9
a1v2J000002848dQAA,6
a1v2J0000027cvBQAQ,7
a1v2J0000028CapQAE,5
a1v2J000002ejy2QAA,6
a1v2J0000038vG5QAI,10
a1v2J00000285efQAA,9
a1v2J0000027uZmQAI,12
a1v2J00000287UxQAI,4
a1v2J0000028XXOQA2,12
a1v2J000002ejH5QAI,5
a1v2J0000028BT5QAM,7
a1v2J000002uRr2QAE,4
a1v2J0000028RUGQA2,6
a1v2J0000027YQiQAM,5
a1v2J00000289AFQAY,6
a1v2J0000028eTzQAI,10
a1v2J0000028RA9QAM,3
a1v2J000002uRc0QAE,2
a1v2J0000028eTpQAI,11
a1v2J00000282BCQAY,5
a1v2J00000287a6QAA,10
a1v2J0000027uGIQAY,2
a1v2J000002AFyqQAG,2
a1v2J000002AGQ0QAO,5
a1v2J00000290ZeQAI,8
a1v2J0000038SVyQAM,7
a1v2J000003WO33QAG,6
a1v2J0000028aYRQAY,2
a1v2J0000028BzeQAE,2
a1v2J0000028FoFQAU,3
a1v2J00000287hGQAQ,1
a1v2J000002ef7aQAA,4
a1v2J0000027vAFQAY,2
a1v2J0000028yMKQAY,1
a1v2J0000028LlbQAE,3
a1v2J0000028leOQAQ,9
a1v2J000003TVHnQAO,11
a1v2J0000039ul1QAA,2
a1v2J000002ADfgQAG,7
a1v2J0000039UxYQAU,12
a1v2J000002uej3QAA,5
a1v2J0000027x4MQAQ,2
a1v2J0000028VSUQA2,10
a1v2J0000027waPQAQ,3
a1v2J0000027v0zQAA,1
a1v2J000003WparQAC,8
a1v2J0000027wZ0QAI,2
a1v2J0000027aOtQAI,10
a1v2J0000038vU2QAI,10
a1v2J0000028313QAA,10
a1v2J00000284YVQAY,7
a1v2J000002ubvAQAQ,3
a1v2J0000027p6QQAQ,8
a1v2J000003LpEEQA0,12
a1v2J0000028UPMQA2,6
a1v2J0000027yU3QAI,9
a1v2J0000028Gy6QAE,2
a1v2J0000027hvvQAA,12
a1v2J0000027mE8QAI,1
a1v2J0000038VaCQAU,7
a1v2J0000027hUsQAI,6
a1v2J0000028eMzQAI,4
a1v2J0000028Ca4QAE,4
a1v2J0000027q66QAA,11
a1v2J0000027TmjQAE,4
a1v2J000002udTGQAY,4
a1v2J000002uc6IQAQ,4
a1v2J0000027oqzQAA,5
a1v2J0000028ZVeQAM,11
a1v2J0000028f3bQAA,2
a1v2J000002uQHPQA2,3
a1v2J0000028fBLQAY,5
a1v2J0000027sqvQAA,6
a1v2J00000281CXQAY,10
a1v2J0000028XbDQAU,5
a1v2J00000286NxQAI,11
a1v2J0000027sUTQAY,6
a1v2J0000038mXRQAY,9
a1v2J000003SWGQQA4,10
a1v2J0000028cf3QAA,4
a1v2J000002uS0tQAE,1
a1v2J0000028QaoQAE,3
a1v2J000004NzgmQAC,3
a1v2J00000280xJQAQ,2
a1v2J0000027TGgQAM,3
a1v2J00000283mnQAA,3
a1v2J0000028AmQQAU,6
a1v2J000002escQQAQ,6
a1v2J000002ABwrQAG,1
a1v2J0000039ySYQAY,1
a1v2J0000027V8gQAE,3
a1v2J0000027s6UQAQ,5
a1v2J0000028VzAQAU,7
a1v2J0000027WizQAE,6
a1v2J0000028FRgQAM,2
a1v2J0000028bFDQAY,4
a1v2J0000027splQAA,4
a1v2J000002esbIQAQ,6
a1v2J000002ehfQQAQ,4
a1v2J0000028RawQAE,6
a1v2J0000038ij6QAA,10
a1v2J000002esXkQAI,6
a1v2J000002uUhfQAE,5
a1v2J00000289qdQAA,9
a1v2J000002uc3YQAQ,3
a1v2J000002fNyeQAE,7
a1v2J0000027yK8QAI,5
a1v2J0000038WCFQA2,7
a1v2J00000289AMQAY,3
a1v2J0000027tN4QAI,8
a1v2J0000028e2oQAA,7
a1v2J00000396XmQAI,11
a1v2J0000027VkoQAE,1
a1v2J0000038SfrQAE,7
a1v2J0000027vwAQAQ,6
a1v2J000003TPVtQAO,12
a1v2J000002fNTyQAM,7
a1v2J0000027miqQAA,9
a1v2J000003B12AQAS,7
a1v2J000002fe3AQAQ,8
a1v2J0000028nt1QAA,9
a1v2J00000285WGQAY,8
a1v2J0000038MuvQAE,9
a1v2J000002f3UFQAY,6
a1v2J000002cegdQAA,2
a1v2J000002uhY6QAI,4
a1v2J0000038LYdQAM,7
a1v2J0000038eMqQAI,9
a1v2J0000038vT4QAI,9
a1v2J000003A6OLQA0,2
a1v2J000002uU1hQAE,8
a1vHt000004awgjIAA,5
a1v2J0000028dckQAA,2
a1v2J0000028fPFQAY,8
a1v2J0000038LXQQA2,7
a1v2J0000038KVfQAM,8
a1v2J0000038XMDQA2,8
a1v2J0000028POrQAM,6
a1v2J0000037i3bQAA,7
a1vHt000004uDkhIAE,8
a1v2J00000280CZQAY,6
a1v2J000003AtHYQA0,7
a1v2J0000039OMAQA2,11
a1v2J0000027jOxQAI,3
a1v2J0000038S99QAE,7
a1v2J0000027zrvQAA,12
a1v2J0000039DXnQAM,11
a1v2J0000038WboQAE,8
a1v2J000003AqWpQAK,7
a1v2J0000027jPuQAI,4
a1v2J0000027swuQAA,8
a1v2J0000028O7vQAE,9
a1v2J0000028UXEQA2,4
a1v2J0000027QHSQA2,10
a1v2J000002ACsRQAW,3
a1v2J00000286hUQAQ,6
a1v2J0000027YQRQA2,4
a1v2J000002AFZnQAO,1
a1v2J0000027wE1QAI,1
a1v2J000002flxCQAQ,5
a1v2J0000027tOHQAY,4
a1v2J0000028HAZQA2,1
a1v2J0000028emnQAA,4
a1v2J0000027xd0QAA,10
a1v2J0000027r7bQAA,5
a1v2J00000280boQAA,11
a1v2J0000027yQeQAI,9
a1v2J0000028KwTQAU,6
a1v2J0000028z5iQAA,5
a1v2J00000286RzQAI,3
a1v2J0000027icOQAQ,10
a1v2J0000027T6jQAE,10
a1v2J0000028KUDQA2,4
a1v2J000002eonbQAA,5
a1v2J0000027rGFQAY,2
a1v2J0000027TtZQAU,7
a1v2J0000028QVOQA2,5
a1v2J0000027NLiQAM,2
a1v2J000002ufOZQAY,4
a1v2J000003TkDEQA0,1
a1v2J000002AFtVQAW,4
a1v2J0000027zEsQAI,8
a1v2J0000028ODYQA2,10
a1v2J0000028VeAQAU,4
a1v2J0000028OKnQAM,11
a1v2J0000027sqSQAQ,5
a1v2J00000281pCQAQ,7
a1v2J00000286vNQAQ,10
a1v2J0000028KwpQAE,1
a1v2J0000028akdQAA,10
a1v2J000002ADkxQAG,11
a1v2J00000286NvQAI,8
a1v2J0000027rqEQAQ,1
a1v2J0000028jBNQAY,2
a1v2J0000027vjcQAA,10
a1v2J000002ccWIQAY,3
a1v2J00000281pdQAA,4
a1v2J0000028EpmQAE,3
a1v2J0000039ReJQAU,11
a1v2J0000028WEvQAM,4
a1vHt0000054gyzIAA,8
a1v2J0000028tm9QAA,5
a1v2J000002uSkzQAE,3
a1v2J000002uc6XQAQ,6
a1v2J0000027mJ6QAI,5
a1v2J000002AB49QAG,3
a1v2J00000281RoQAI,2
a1v2J000003MGQyQAO,12
a1v2J0000028aZpQAI,3
a1v2J0000028BzRQAU,2
a1v2J0000027jSKQAY,10
a1v2J0000027rLlQAI,7
a1v2J0000028CWpQAM,3
a1v2J0000028Lj5QAE,2
a1v2J0000028INtQAM,9
a1v2J00000396TzQAI,10
a1v2J0000028EFLQA2,1
a1v2J00000289OSQAY,3
a1v2J0000027iJBQAY,6
a1v2J0000027EaVQAU,3
a1v2J0000028YbWQAU,2
a1v2J0000027KVRQA2,9
a1v2J0000027wj0QAA,8
a1v2J0000027V0AQAU,5
a1v2J00000289NQQAY,4
a1v2J00000280GNQAY,6
a1v2J0000028VEpQAM,7
a1v2J000002ABGXQA4,5
a1v2J00000283CAQAY,7
a1v2J000002fKEZQA2,6
a1v2J0000027MxkQAE,10
a1v2J0000027ZdnQAE,7
a1v2J0000028DCpQAM,5
a1v2J0000027kqLQAQ,10
a1v2J00000285TKQAY,5
a1v2J000003AOy7QAG,9
a1v2J0000027V0BQAU,6
a1v2J0000028U7xQAE,2
a1v2J0000028NcYQAU,9
a1v2J00000284XsQAI,3
a1v2J0000028CXrQAM,11
a1v2J0000028SwCQAU,7
a1v2J000003WqG0QAK,8
a1v2J0000027mGLQAY,7
a1v2J00000288TkQAI,5
a1v2J0000028bELQAY,11
a1v2J0000038vHXQAY,10
a1v2J0000027WmkQAE,9
a1v2J000002AFaAQAW,5
a1v2J0000027tiBQAQ,7
a1v2J0000028B9XQAU,4
a1v2J0000027vtBQAQ,5
a1v2J0000028HsqQAE,6
a1v2J00000286nwQAA,12
a1v2J0000028CaFQAU,4
a1v2J0000028fiRQAQ,1
a1v2J0000027qtcQAA,6
a1v2J0000028fA8QAI,8
a1v2J0000038Y9iQAE,9
a1v2J0000028ArXQAU,8
a1v2J0000027srFQAQ,6
a1v2J00000281auQAA,4
a1v2J0000028M00QAE,8
a1v2J0000027hkVQAQ,11
a1v2J000003AUiJQAW,5
a1v2J0000028DTJQA2,7
a1v2J0000028nukQAA,8
a1vUX000000TyDhYAK,4
a1v2J0000039OVRQA2,12
a1v2J000002ACHfQAO,7
a1v2J000002uc6NQAQ,4
a1v2J000002uUdFQAU,6
a1v2J0000027WVUQA2,8
a1v2J0000028J1pQAE,7
a1v2J0000028N6wQAE,10
a1v2J000002822jQAA,7
a1v2J0000027nFyQAI,6
a1v2J00000284i7QAA,8
a1v2J0000039BzzQAE,11
a1v2J0000028mPrQAI,7
a1v2J0000027TXAQA2,2
a1v2J0000027q9NQAQ,11
a1v2J00000285clQAA,9
a1v2J0000028P3yQAE,3
a1v2J0000027cflQAA,3
a1v2J0000028YM0QAM,4
a1v2J000002esaZQAQ,6
a1v2J0000028bTMQAY,3
a1v2J00000285nZQAQ,2
a1v2J0000028YdiQAE,11
a1v2J000002ueiyQAA,5
a1v2J0000028ILjQAM,3
a1v2J0000038NIuQAM,7
a1v2J000003m4PiQAI,5
a1v2J0000027sb9QAA,8
a1v2J000002fNSlQAM,7
a1v2J000002uej8QAA,4
a1v2J0000028YIAQA2,2
a1v2J0000028HjQQAU,11
a1v2J000002efHpQAI,4
a1v2J00000290bmQAA,7
a1v2J0000028bCBQAY,11
a1v2J0000027ysaQAA,3
a1v2J000003Ab0zQAC,5
a1v2J000003F2HfQAK,5
a1v2J00000281U0QAI,7
a1v2J0000027vJaQAI,8
a1v2J000002egrGQAQ,5
a1v2J00000288VkQAI,10
a1v2J0000028ecOQAQ,10
a1v2J00000282vSQAQ,9
a1v2J000002fKB6QAM,7
a1v2J00000283xWQAQ,9
a1v2J000003TQdjQAG,12
a1v2J000002ehLaQAI,6
a1v2J0000028f4DQAQ,11
a1v2J000002uROxQAM,4
a1v2J000003920YQAQ,10
a1v2J0000027veBQAQ,11
a1v2J000002fKJjQAM,8
a1v2J0000027MFIQA2,11
a1v2J0000028NaBQAU,8
a1v2J000003A9NgQAK,2
a1v2J0000027LFsQAM,9
a1v2J0000039OVWQA2,12
a1v2J0000027sJqQAI,4
a1v2J0000027v1yQAA,12
a1v2J0000027W1mQAE,5
a1v2J000002uRGfQAM,3
a1v2J000002ufLfQAI,4
a1v2J00000280o3QAA,9
a1v2J000002uc1mQAA,5
a1v2J0000038WAYQA2,8
a1v2J0000028L0YQAU,3
a1v2J0000027cCIQAY,10
a1v2J000002fABaQAM,7
a1v2J000002AFJsQAO,3
a1v2J00000286uGQAQ,2
a1v2J000002ehkzQAA,6
a1v2J0000027aCzQAI,3
a1v2J0000027L3vQAE,10
a1v2J000003WCkvQAG,6
a1v2J0000027jhWQAQ,4
a1v2J0000038SUWQA2,8
a1v2J000003Eh4XQAS,5
a1v2J000002fKPNQA2,6
a1v2J0000028XAbQAM,1
a1v2J0000028GpPQAU,2
a1v2J0000027Vl3QAE,2
a1v2J000002fNRTQA2,7
a1v2J0000038ZElQAM,8
a1v2J0000027fLgQAI,1
a1v2J0000027b7iQAA,3
a1v2J0000037hoqQAA,7
a1v2J000003AcEQQA0,5
a1v2J0000027rNZQAY,10
a1v2J0000027vy8QAA,12
a1v2J0000038LaeQAE,7
a1v2J000003T0HaQAK,10
a1v2J0000038W7eQAE,8
a1v2J0000037hvNQAQ,7
a1v2J0000039VV8QAM,1
a1v2J000003A1ppQAC,2
a1v2J000002fACEQA2,6
a1v2J0000038kDmQAI,8
a1v2J0000038VUxQAM,7
a1v2J00000392HgQAI,10
a1v2J000003A8K1QAK,2
a1v2J000003ANhyQAG,4
a1v2J000002fMfbQAE,7
a1v2J0000038YsaQAE,8
a1v2J0000039UxiQAE,1
a1v2J00000390fKQAQ,10
a1v2J000003MI0gQAG,1
a1v2J000003S4CpQAK,9
a1v2J000002fNdlQAE,7
a1v2J0000039DXOQA2,11
a1v2J0000027UqyQAE,3
a1v2J00000287V1QAI,3
a1v2J0000028DLzQAM,1
a1v2J0000027r83QAA,3
a1v2J0000028XvwQAE,6
a1v2J0000027sKhQAI,1
a1v2J0000027q8CQAQ,4
a1v2J0000028NSPQA2,6
a1v2J0000028bQlQAI,2
a1v2J0000027yRlQAI,6
a1v2J0000027lB8QAI,2
a1v2J0000027eVVQAY,1
a1v2J000002AFT8QAO,5
a1v2J0000027ntQQAQ,3
a1v2J000002uSr0QAE,3
a1v2J000002ACsOQAW,8
a1v2J0000028Q37QAE,6
a1v2J000002uRj8QAE,3
a1v2J000002uQO0QAM,1
a1v2J0000027dBrQAI,3
a1v2J0000027VOIQA2,2
a1v2J0000028NQxQAM,3
a1v2J0000028b3IQAQ,1
a1v2J0000027xDVQAY,2
a1v2J0000027qLDQAY,1
a1v2J0000028WVlQAM,6
a1v2J00000281esQAA,4
a1v2J0000028f8oQAA,1
a1v2J0000027sKrQAI,1
a1v2J0000028e62QAA,6
a1v2J0000027u63QAA,3
a1v2J0000028I84QAE,8
a1v2J0000028aYOQAY,2
a1v2J0000028rDZQAY,5
a1v2J0000027uB3QAI,3
a1v2J0000028xSqQAI,4
a1v2J0000027q7wQAA,4
a1v2J0000027pd1QAA,3
a1v2J0000027iI2QAI,1
a1v2J0000027lbTQAQ,2
a1v2J00000290AjQAI,6
a1v2J0000028RR3QAM,7
a1v2J0000027lV6QAI,6
a1v2J0000027xfxQAA,9
a1v2J000002AGBiQAO,7
a1v2J000002918rQAA,7
a1v2J0000027sq4QAA,4
a1v2J0000027nG7QAI,6
a1v2J0000027iI9QAI,2
a1v2J00000289qgQAA,9
a1v2J0000027sqyQAA,6
a1v2J0000027rPVQAY,8
a1v2J0000027YmbQAE,5
a1v2J00000284BoQAI,2
a1v2J00000288jiQAA,7
a1v2J0000027wW2QAI,2
a1v2J0000028eVOQAY,10
a1v2J0000027x3mQAA,9
a1v2J0000028R8gQAE,5
a1v2J0000027zCqQAI,1
a1v2J0000028NecQAE,9
a1v2J0000027cG9QAI,10
a1v2J000003A9eLQAS,6
a1v2J0000028UlyQAE,10
a1v2J000002ACrmQAG,9
a1v2J0000027L4aQAE,10
a1v2J0000027v3QQAQ,11
a1v2J0000027T6yQAE,10
a1v2J0000028tKtQAI,5
a1v2J000002fKo5QAE,7
a1v2J0000027t2XQAQ,12
a1v2J0000027v66QAA,7
a1v2J000002uS1fQAE,1
a1v2J0000028MX9QAM,6
a1v2J0000028Q1aQAE,12
a1v2J0000027mDmQAI,2
a1v2J0000028FMIQA2,10
a1v2J000003AUgSQAW,5
a1v2J000002uRyyQAE,5
a1v2J00000282wVQAQ,4
a1v2J0000028P6QQAU,9
a1v2J0000028DlHQAU,11
a1v2J0000028UlMQAU,10
a1v2J00000289qkQAA,9
a1v2J00000280EdQAI,5
a1v2J000002fMw2QAE,7
a1v2J0000027vJAQAY,9
a1v2J000002uRHWQA2,10
a1v2J0000027UuSQAU,4
a1v2J0000027cYiQAI,12
a1v2J00000282OwQAI,4
a1v2J0000028bk9QAA,10
a1v2J0000027dBaQAI,3
a1v2J000003TSgjQAG,12
a1v2J0000043FgvQAE,10
a1v2J0000039hhJQAQ,8
a1v2J00000283zTQAQ,3
a1v2J0000028LEgQAM,4
a1v2J0000027TwFQAU,6
a1v2J0000028gCjQAI,2
a1v2J000002AFZrQAO,12
a1v2J0000027eOnQAI,2
a1v2J0000027hN3QAI,11
a1v2J0000027sZuQAI,5
a1v2J0000039icXQAQ,12
a1v2J000002uQUVQA2,1
a1v2J0000028ctFQAQ,2
a1v2J0000028MBFQA2,4
a1v2J0000027YPzQAM,4
a1v2J000002fCb3QAE,5
a1v2J000003SVcWQAW,10
a1v2J0000027m1TQAQ,2
a1v2J000002ucBXQAY,3
a1v2J0000028Nd4QAE,10
a1v2J0000027beUQAQ,4
a1v2J0000028LtgQAE,5
a1v2J0000027zKWQAY,12
a1v2J0000027yS9QAI,7
a1v2J0000028kX5QAI,9
a1v2J000002uV14QAE,3
a1v2J000002uQQBQA2,4
a1v2J00000286xgQAA,8
a1v2J0000027YmiQAE,11
a1v2J0000028mPaQAI,6
a1v2J000003AOoCQAW,4
a1v2J000003AB32QAG,4
a1v2J0000027x4UQAQ,10
a1v2J0000028NQSQA2,5
a1v2J000002ccVOQAY,2
a1v2J0000038vFHQAY,10
a1v2J0000027swrQAA,5
a1v2J0000027dSZQAY,2
a1v2J00000289jKQAQ,4
a1v2J000002ADtVQAW,1
a1v2J0000028AZGQA2,12
a1v2J0000027vKvQAI,6
a1v2J0000028X0cQAE,7
a1v2J00000283CTQAY,8
a1v2J000003AwvjQAC,7
a1v2J0000027Xn5QAE,10
a1v2J0000027vKjQAI,2
a1v2J00000285EQQAY,8
a1v2J0000028ui4QAA,3
a1v2J0000038ZyvQAE,9
a1v2J000002egrVQAQ,5
a1v2J0000028MtIQAU,8
a1v2J0000027kIMQAY,11
a1v2J0000028IqMQAU,2
a1v2J00000283xNQAQ,11
a1v2J00000281E6QAI,9
a1v2J0000028d9BQAQ,11
a1v2J0000028BvdQAE,11
a1v2J000002fAEqQAM,7
a1v2J000002ueNnQAI,4
a1v2J0000027cf1QAA,2
a1v2J000002fMWeQAM,6
a1v2J000002uScRQAU,11
a1v2J000002AEToQAO,4
a1v2J000002ABCZQA4,1
a1v2J000003NUXMQA4,3
a1v2J0000039EVQQA2,11
a1v2J000003T36zQAC,11
a1v2J0000028OKBQA2,3
a1v2J0000038tM6QAI,10
a1v2J0000028SY6QAM,1
a1v2J000002fNdbQAE,6
a1v2J00000391MnQAI,10
a1v2J000002uSltQAE,2
a1v2J000002egM3QAI,5
a1v2J0000028R8vQAE,4
a1v2J000002eglNQAQ,5
a1v2J000002udNNQAY,4
a1v2J0000038W91QAE,8
a1v2J000002fMvdQAE,7
a1v2J0000038LXfQAM,8
a1v2J0000038kPIQAY,8
a1v2J0000038ZyCQAU,8
a1v2J000003NgjrQAC,4
a1v2J000003q6rdQAA,7
a1vHt00000553DOIAY,8
a1v2J000003B12BQAS,7
a1v2J000002efZJQAY,5
a1v2J000003A95rQAC,2
a1v2J000003SLKZQA4,10
a1v2J000003BArwQAG,7
a1v2J000003B8ssQAC,8
a1v2J000003A6zmQAC,3
a1v2J000003AbcWQAS,6
a1v2J0000039HnKQAU,11
a1v2J0000038kFYQAY,10
a1v2J0000039zHzQAI,2
a1v2J000002fJhpQAE,6
a1v2J0000039wUbQAI,1
a1v2J000003AQQrQAO,5
a1v2J0000039HQBQA2,11
a1v2J000004DqzjQAC,12
a1v2J000002egbwQAA,4
a1v2J000003AbcMQAS,5
a1v2J000003TBwLQAW,11
a1v2J0000038aTPQAY,8
a1v2J000002cedAQAQ,3
a1v2J000002fMvnQAE,6
a1vUX000001WLIUYA4,12
a1v2J0000039qLMQAY,1
a1v2J0000039ijiQAA,1
a1v2J000003SxVVQA0,10
a1v2J000003T36yQAC,11
a1v2J0000037hoHQAQ,8
a1v2J0000038LVjQAM,9
a1v2J000003LeEfQAK,12
a1v2J0000038vXpQAI,10
a1v2J000002fNRnQAM,7
a1vHt0000059yHSIAY,10
a1v2J000002fNvLQAU,7
a1v2J000002fNvkQAE,7
a1v2J0000039HcvQAE,11
a1v2J0000039HgdQAE,11
a1v2J0000038RoJQAU,5
a1v2J000003LGz8QAG,10
a1v2J0000038eOmQAI,9
a1v2J000003LGIAQA4,10
a1v2J0000038SWNQA2,8
a1v2J0000038fZ7QAI,9
a1v2J0000039BstQAE,12
a1v2J000003LGT4QAO,10
a1v2J0000038c1AQAQ,8
a1v2J0000038WagQAE,8
a1v2J0000038XbRQAU,8
a1v2J0000039g5QQAQ,1
a1v2J0000038YZ0QAM,8
a1v2J0000038YrSQAU,8
a1v2J000003Mxw0QAC,2
a1vUX000001BOCvYAO,10
a1v2J0000039DVhQAM,11
a1v2J0000038ZcnQAE,8
a1v2J000003LF5WQAW,9
a1vUX000000EBZtYAO,2
a1v2J000003A8TmQAK,6
a1v2J000003B0L6QAK,6
a1v2J0000038ax4QAA,10
a1v2J0000038fzKQAQ,8
a1v2J0000039VcYQAU,12
a1v2J0000039dT9QAI,2
a1v2J0000038klEQAQ,9
a1v2J000002fbbFQAQ,5
a1v2J0000038fztQAA,8
a1v2J0000039DVcQAM,11
a1v2J0000038jNPQAY,9
a1v2J0000039K90QAE,11
a1v2J0000038jwjQAA,9
a1v2J000003A3zlQAC,4
a1v2J000003SLKtQAO,9
a1v2J0000039yHtQAI,2
a1v2J0000038jw0QAA,9
a1v2J0000039F5tQAE,11
a1v2J0000039unbQAA,1
a1v2J000003LKVUQA4,10
a1v2J0000039vqtQAA,1
a1v2J000003ToJnQAK,12
a1v2J000003AzsYQAS,6
a1v2J0000043FXPQA2,10
a1v2J00000391JPQAY,11
a1v2J0000038vHDQAY,10
a1v2J0000038ttKQAQ,10
a1vHt0000059TFhIAM,10
a1v2J0000038tuSQAQ,9
a1v2J0000038uWqQAI,10
a1v2J000003TIKxQAO,12
a1v2J0000038tV8QAI,10
a1v2J0000038t1SQAQ,10
a1v2J0000039yHiQAI,2
a1v2J0000039HgiQAE,11
a1v2J0000038uPVQAY,10
a1v2J000003SJLaQAO,10
a1v2J00000391tNQAQ,11
a1v2J000003992lQAA,10
a1vUX000000t3IDYAY,9
a1v2J0000039otXQAQ,1
a1vHt000004fzzcIAA,11
a1v2J0000038vHcQAI,10
a1vHt000004soOeIAI,7
a1v2J000003B8UgQAK,9
a1v2J000003YJ0jQAG,6
a1v2J00000392cFQAQ,11
a1v2J00000391ZXQAY,10
a1v2J00000391FwQAI,10
a1v2J0000038vTEQAY,10
a1v2J000003Mp0SQAS,2
a1v2J0000039Qw5QAE,11
a1v2J00000397wWQAQ,11
a1v2J00000392dmQAA,11
a1v2J00000391MiQAI,11
a1v2J000003AfV5QAK,6
a1v2J000003S38bQAC,9
a1v2J00000391N2QAI,10
a1v2J0000039KFrQAM,11
a1v2J00000397upQAA,11
a1v2J000002fk97QAA,5
a1v2J0000039ReTQAU,11
a1v2J00000395zLQAQ,10
a1vHt0000059c3eIAA,10
a1v2J0000039948QAA,10
a1v2J0000039A1pQAE,10
a1v2J0000041KHZQA2,9
a1v2J0000039yI7QAI,2
a1v2J000003B12jQAC,8
a1v2J000003A5jdQAC,2
a1v2J0000039SyUQAU,12
a1v2J000003AZmhQAG,5
a1v2J0000039yTqQAI,2
a1v2J000003B12ZQAS,8
a1v2J000003S38lQAC,8
a1v2J0000039DYCQA2,11
a1v2J0000039U9EQAU,12
a1v2J000003AOoWQAW,5
a1v2J0000039QwjQAE,12
a1v2J000003SJArQAO,10
a1v2J0000039ND2QAM,11
a1v2J0000039JHJQA2,11
a1v2J0000039RdGQAU,11
a1v2J000003SaH1QAK,10
a1v2J000003stZfQAI,8
a1v2J0000039RaWQAU,11
a1v2J0000039O7eQAE,11
a1v2J0000039HQQQA2,11
a1v2J0000039W80QAE,12
a1v2J0000039JxYQAU,11
a1v2J000003SNetQAG,10
a1v2J0000039HneQAE,12
a1v2J0000039VUeQAM,1
a1v2J0000039I4zQAE,11
a1v2J0000039HmlQAE,11
a1v2J0000039IHeQAM,11
a1v2J0000039JIlQAM,11
a1v2J000003AOndQAG,4
a1v2J0000039Jz0QAE,12
a1v2J000003SHvRQAW,8
a1v2J000003S5yzQAC,9
a1v2J000003A0CXQA0,2
a1v2J000003SAcfQAG,8
a1v2J000003SDDpQAO,9
a1v2J0000039Lx7QAE,11
a1v2J0000039KIbQAM,11
a1v2J0000039T2qQAE,11
a1v2J000003A05HQAS,2
a1v2J000003AQdBQAW,5
a1v2J000003A01tQAC,2
a1v2J000003SfepQAC,10
a1v2J0000039hyEQAQ,2
a1v2J0000039UeRQAU,12
a1v2J000003Ef9jQAC,3
a1v2J000003AQQwQAO,4
a1v2J000003B8q3QAC,8
a1v2J0000039zcPQAQ,2
a1v2J000003AOnYQAW,4
a1vUX000000w6RdYAI,11
a1v2J0000039XgAQAU,12
a1v2J000003A6OlQAK,2
a1vUX000000MKEbYAO,3
a1v2J000003AugDQAS,6
a1v2J000002fdYRQAY,6
a1v2J0000039ujPQAQ,2
a1v2J0000039huNQAQ,12
a1v2J000003WFxEQAW,6
a1v2J0000039zHpQAI,1
a1v2J0000039iLWQAY,2
a1v2J000002cig4QAA,3
a1v2J000003U1jdQAC,1
a1v2J000003WHSDQA4,6
a1vUX000000r2LRYAY,7
a1v2J0000039yIHQAY,2
a1v2J000003TPTOQA4,12
a1v2J0000039xvIQAQ,2
a1v2J0000039xv3QAA,2
a1v2J000003SW0TQAW,10
a1v2J0000039yICQAY,2
a1v2J000003AqX9QAK,7
a1v2J000003B14BQAS,7
a1v2J000003ThNXQA0,12
a1v2J0000027Xr9QAE,8
a1v2J000003AENmQAO,4
a1v2J000004BgI4QAK,12
a1v2J000003A6EUQA0,5
a1v2J000003ATniQAG,5
a1v2J000003B8oWQAS,8
a1v2J000002flwxQAA,5
a1v2J000003TRgyQAG,11
a1v2J000003A6zXQAS,3
a1v2J000003F7QTQA0,5
a1v2J000003ANi3QAG,4
a1v2J000003AeuiQAC,7
a1v2J000003A0y4QAC,2
a1v2J000003AqXJQA0,7
a1v2J000003S54PQAS,10
a1v2J000003Aod4QAC,6
a1v2J000003AOniQAG,4
a1v2J000003A6OpQAK,2
a1v2J000003AhmjQAC,6
a1v2J000003B0NqQAK,7
a1v2J000003TPZqQAO,12
a1v2J000003TPa0QAG,12
a1v2J000003AOnsQAG,5
a1v2J000003AOiQQAW,4
a1v2J000003SLL8QAO,9
a1v2J000003AcEuQAK,6
a1v2J000003B12GQAS,7
a1v2J000003SJAXQA4,9
a1v2J000002fbMYQAY,5
a1v2J000003Ab14QAC,7
a1v2J000003T2SxQAK,11
a1v2J000003AOnjQAG,5
a1v2J000002flJhQAI,5
a1v2J000003AQR1QAO,5
a1v2J000003SNeAQAW,9
a1v2J000003S38WQAS,8
a1v2J000002flJxQAI,5
a1v2J000003AhjVQAS,7
a1v2J000002fk98QAA,5
a1vUX000000ghRyYAI,6
a1v2J000002flJwQAI,5
a1v2J000003SG5nQAG,8
a1v2J000003T1HiQAK,10
a1v2J000003AeGxQAK,6
a1v2J000003Aod3QAC,6
a1v2J000003Aps1QAC,6
a1v2J000003Sa7kQAC,10
a1v2J000003Sa7fQAC,10
a1v2J000003STjLQAW,9
a1v2J000003AVJLQA4,5
a1v2J000003SyNDQA0,11
a1v2J000003T437QAC,11
a1v2J000003FNdXQAW,6
a1v2J000003TL7PQAW,12
a1v2J000002cZNvQAM,2
a1v2J000002flmdQAA,5
a1v2J000002cWMfQAM,2
a1v2J000003SHyfQAG,10
a1vHt000005B8xeIAC,10
a1v2J000003SLMQQA4,9
a1v2J000003TRZiQAO,11
a1vUX000000ZTtZYAW,4
a1v2J000003AUhLQAW,5
a1v2J000003S54eQAC,8
a1v2J000003Saz0QAC,10
a1v2J000003SLKoQAO,10
a1v2J000003SMusQAG,9
a1v2J000003AcEaQAK,2
a1v2J000003Sz1aQAC,10
a1v2J000003SVcgQAG,9
a1v2J000002ckKvQAI,3
a1v2J000003AUgIQAW,5
a1v2J000003AXzFQAW,5
a1v2J000003LcwfQAC,12
a1v2J000003SHyVQAW,9
a1v2J000003LeGRQA0,12
a1v2J000003Tid6QAC,12
a1v2J000003WZZ3QAO,7
a1v2J000003lyauQAA,5
a1v2J000003TPaAQAW,11
a1v2J000002cV7rQAE,2
a1v2J000003SW2PQAW,11
a1v2J000003S61AQAS,9
a1v2J000003AeGdQAK,7
a1v2J000003SxVzQAK,10
a1v2J000003Aiz7QAC,6
a1v2J000003WFk0QAG,6
a1v2J000003S4CuQAK,9
a1v2J000003AixkQAC,6
a1v2J000003TVGuQAO,12
a1v2J000003ApqjQAC,6
a1v2J000003AobqQAC,7
a1v2J000003AqWkQAK,7
a1vHt0000059yLZIAY,10
a1v2J000003TLAJQA4,11
a1v2J000003ArD0QAK,6
a1v2J000003S38RQAS,8
a1v2J000002cjHBQAY,4
a1v2J000003Th15QAC,1
a1v2J000003U6fpQAC,1
a1vHt000004ncfoIAA,7
a1v2J000003EhW2QAK,4
a1v2J000003Th10QAC,1
a1v2J000003SJdtQAG,9
a1v2J000003SLKyQAO,9
a1v2J000004CqACQA0,12
a1v2J000003B0NgQAK,7
a1v2J000003TGRaQAO,12
a1v2J000003SIvDQAW,9
a1v2J000003S38gQAC,10
a1v2J000003F3jzQAC,5
a1v2J000003SM8tQAG,9
a1vHt000005AV8BIAW,10
a1v2J000003S63aQAC,9
a1v2J000003SbugQAC,10
a1vHt000004kUY0IAM,5
a1v2J000003B3oCQAS,7
a1v2J000003TlFFQA0,1
a1v2J000003SLObQAO,9
a1v2J000003S63LQAS,9
a1v2J000003L6N4QAK,9
a1v2J000003U5Z3QAK,2
a1v2J000003S63BQAS,8
a1v2J000003TwJOQA0,2
a1v2J000003Tl92QAC,1
a1v2J000004O02iQAC,3
a1v2J000003S63QQAS,9
a1v2J000003SfhUQAS,11
a1v2J000003SHx8QAG,8
a1v2J000003SxVkQAK,10
a1v2J000003SbubQAC,10
a1v2J000003SbvFQAS,10
a1v2J000004LedtQAC,2
a1v2J000003ScuAQAS,10
a1v2J000002cV9nQAE,3
a1v2J000003Exe1QAC,4
a1v2J000003TGRGQA4,11
a1v2J000003T24uQAC,11
a1v2J000003T1BaQAK,10
a1v2J000003TxmaQAC,1
a1v2J000003SbuvQAC,11
a1v2J000003SaAeQAK,10
a1v2J000003SVcbQAG,9
a1v2J000002cZLfQAM,2
a1v2J000002cbxjQAA,2
a1vHt0000059JaDIAU,10
a1v2J000002ccX0QAI,2
a1v2J000002cXQIQA2,2
a1v2J000002cXPZQA2,1
a1v2J000002cZLaQAM,2
a1v2J000002cXRVQA2,3
a1v2J000002cXPeQAM,2
a1v2J000002cZLkQAM,2
a1v2J000002cXRaQAM,2
a1v2J000002cegEQAQ,2
a1v2J000002cXPjQAM,2
a1v2J000003N16NQAS,2
a1vUX0000009rJdYAI,1
a1v2J000002cifkQAA,3
a1v2J000002clKXQAY,3
a1v2J000003WuNNQA0,8
a1v2J000002cdcdQAA,2
a1v2J000004ZwsvQAC,5
a1v2J000002cd5nQAA,2
a1v2J000002ccVJQAY,2
a1v2J000003WK9RQAW,7
a1v2J000003EuP1QAK,4
a1vUX000000rdw5YAA,7
a1v2J000002cjF5QAI,2
a1v2J000003WxYiQAK,8
a1v2J000003LeDIQA0,12
a1v2J000002cjtpQAA,2
a1v2J000002cegiQAA,3
a1v2J000003LseGQAS,12
a1v2J000003Lnj2QAC,12
a1v2J000003Eh4SQAS,4
a1v2J000003F7PzQAK,7
a1v2J000003LGxMQAW,10
a1v2J000003LFUHQA4,9
a1v2J000003EdrTQAS,3
a1v2J000003SbuXQAS,10
a1v2J000002cVnuQAE,2
a1vHt000004a6uhIAA,5
a1v2J000003LI33QAG,10
a1v2J000003SypjQAC,11
a1v2J000003SbuWQAS,10
a1v2J000003eWo9QAE,11
a1v2J000003Th1UQAS,12
a1v2J000003TPT9QAO,12
a1v2J000003WK89QAG,6
a1v2J000003TzNOQA0,1
a1v2J000003T2QDQA0,11
a1v2J000003j5QZQAY,4
a1v2J000003T0wbQAC,11
a1v2J000004LqyqQAC,2
a1v2J000003T1uuQAC,10
a1v2J000003T1upQAC,12
a1vHt000004aIYPIA2,6
a1v2J000003TSgZQAW,12
a1vUX000000RqNVYA0,4
a1v2J000003TPUCQA4,12
a1v2J000003TTYqQAO,12
a1v2J000003TPTJQA4,12
a1v2J000003U1jhQAC,1
a1v2J000003TPTsQAO,12
a1v2J000003LawZQAS,12
a1v2J000003TPTBQA4,12
a1vUX000000BfUTYA0,1
a1v2J000003TRhDQAW,12
a1v2J000003lyZwQAI,5
a1v2J000003Mr92QAC,2
a1v2J000003TPTTQA4,12
a1v2J000003TienQAC,1
a1v2J000003TL7yQAG,11
a1v2J000003TPTAQA4,12
a1v2J000003TPTEQA4,11
a1v2J000003Tif7QAC,12
a1v2J000003ThOpQAK,12
a1v2J000003TPZWQA4,11
a1v2J000003TkJgQAK,12
a1v2J000003F2GXQA0,4
a1v2J000003TPVAQA4,1
a1v2J000003TxmVQAS,1
a1v2J000003TVBaQAO,12
a1v2J000003TaD1QAK,12
a1v2J000002cVnaQAE,2
a1v2J000002cVnfQAE,2
a1v2J000003TnA1QAK,1
a1v2J000003TwIQQA0,1
a1v2J000003sdrvQAA,8
a1v2J000003Tjf4QAC,1
a1v2J000002cZNHQA2,3
a1vUX000000yLw1YAE,8
a1v2J000003Tm8vQAC,1
a1v2J000002cjGNQAY,3
a1v2J000003TkJbQAK,1
a1v2J000003Tjf1QAC,1
a1v2J000003U5HHQA0,2
a1v2J000002cZLuQAM,2
a1v2J000004EEq6QAG,12
a1v2J000003WdoaQAC,7
a1v2J000003TzNrQAK,1
a1v2J000003U4axQAC,1
a1vHt000004awdQIAQ,6
a1v2J000003TzP4QAK,1
a1v2J000002ccUfQAI,2
a1v2J000003TxndQAC,1
a1v2J000003F5LnQAK,5
a1v2J000003WCl0QAG,6
a1v2J000002cV8pQAE,2
a1v2J000002cjGwQAI,2
a1v2J000003U5YyQAK,2
a1v2J000002cVkCQAU,2
a1v2J000002clKDQAY,3
a1v2J000002cVKwQAM,2
a1v2J000004YWsfQAG,4
a1vUX00000168vBYAQ,9
a1v2J000003Wm3KQAS,8
a1v2J000003Wyd6QAC,8
a1v2J000003oZfVQAU,8
a1v2J000003F37bQAC,5
a1v2J000003EdrYQAS,4
a1v2J000003Wo5lQAC,7
a1vHt0000055gsaIAA,8
a1v2J000003LDzVQAW,9
a1v2J000003LBOkQAO,9
a1v2J000003LGoTQAW,10
a1v2J000003NggYQAS,3
a1v2J000003F8LeQAK,5
a1v2J000003Eg8eQAC,4
a1v2J000003Eg8jQAC,4
a1vHt0000054h02IAA,8
a1vUX000000TxkfYAC,4
a1v2J000003NgNDQA0,3
a1v2J000003LBP4QAO,9
a1v2J000003jhogQAA,5
a1vHt000004kOpjIAE,5
a1v2J000003LGjlQAG,9
a1v2J000003vLfbQAE,9
a1v2J000003LJ50QAG,10
a1v2J000003LNuuQAG,11
a1v2J000003LHiFQAW,11
a1v2J000003LHiKQAW,11
a1v2J000003LGjCQAW,10
a1v2J000003LGCvQAO,10
a1v2J000003N9H1QAK,2
a1v2J000003LI2yQAG,10
a1v2J000003MEQCQA4,12
a1v2J000003LOYxQAO,11
a1v2J000003LGxHQAW,10
a1v2J000003LkLrQAK,12
a1v2J000003LEcZQAW,9
a1v2J000004C85pQAC,1
a1v2J000003LJrjQAG,10
a1vUX0000010CztYAE,9
a1v2J000003LJZ5QAO,11
a1v2J000003lZKoQAM,5
a1v2J000003NdCBQA0,3
a1v2J000003LGidQAG,10
a1v2J000003Lm0fQAC,12
a1v2J000003LpEDQA0,12
a1vHt000004o3RCIAY,7
a1v2J000003LcbZQAS,12
a1v2J000003LNDHQA4,11
a1v2J000003lFT3QAM,6
a1v2J000003MuUrQAK,2
a1v2J000003N6AEQA0,3
a1v2J000003LR03QAG,12
a1v2J000003M7GfQAK,12
a1v2J000003oZcHQAU,6
a1v2J000004Nzu0QAC,3
a1v2J0000043NN8QAM,11
a1v2J000003Lw8XQAS,12
a1v2J000003LP2sQAG,11
a1v2J000003Mx5uQAC,2
a1v2J000003MuPmQAK,2
a1v2J000003Mzs2QAC,3
a1v2J000003MEFTQA4,1
a1v2J000004Zqk1QAC,5
a1v2J000003Mvp9QAC,2
a1v2J000003MdT9QAK,1
a1v2J000003N675QAC,3
a1v2J000003LNC4QAO,10
a1vHt0000055nb4IAA,8
a1v2J000003LwWMQA0,12
a1v2J000003LnsOQAS,12
a1v2J000003LQi4QAG,12
a1v2J000003LN7iQAG,11
a1v2J000003LN7dQAG,11
a1v2J000003F5MvQAK,5
a1v2J000003v1fqQAA,8
a1vHt000004gc6KIAQ,12
a1v2J000003LEVIQA4,9
a1v2J000003oSWWQA2,6
a1v2J000003WsvaQAC,8
a1v2J000003FM3XQAW,6
a1v2J000003LIg5QAG,11
a1vHt000004lkFGIAY,6
a1v2J000003NgD3QAK,4
a1v2J000003LMkPQAW,11
a1vHt000004uKbpIAE,8
a1vUX000000Ta05YAC,4
a1v2J000003Wz0tQAC,8
a1v2J000003nVHaQAM,7
a1v2J000003LH5rQAG,10
a1v2J000003LGktQAG,10
a1v2J0000043O0oQAE,10
a1v2J000003LG1xQAG,10
a1vUX000000XAwfYAG,4
a1v2J000003Wh8GQAS,7
a1vHt000004gX1UIAU,12
a1v2J000003vJkJQAU,9
a1v2J000003LGc1QAG,10
a1v2J000004Mm8WQAS,2
a1v2J000003WE3QQAW,6
a1v2J000003NXAGQA4,3
a1v2J000003WtfLQAS,8
a1v2J000003ubkDQAQ,8
a1v2J000003LGjbQAG,10
a1v2J000003Ws2tQAC,8
a1v2J000003LeEuQAK,12
a1v2J000003WbhsQAC,7
a1v2J000003Z6JfQAK,7
a1v2J000003L6eUQAS,9
a1v2J000003WbmxQAC,7
a1v2J000003WbhJQAS,7
a1v2J000003nVOqQAM,7
a1v2J000003L6WuQAK,9
a1v2J000003Wc3jQAC,8
a1v2J000003WZXqQAO,7
a1v2J000003NgfVQAS,3
a1v2J000003M7ICQA0,1
a1v2J000003LQfKQAW,11
a1v2J000003j5WDQAY,4
a1vUX0000019gSTYAY,10
a1v2J000003YegLQAS,5
a1v2J000003LGRSQA4,10
a1v2J000003M7BkQAK,12
a1v2J000003lNSiQAM,5
a1v2J000003N91DQAS,3
a1v2J000004CJmTQAW,12
a1v2J000004Ea4vQAC,1
a1vUX000000MZDdYAO,3
a1vUX000001BxDtYAK,10
a1vUX000001Uw7eYAC,12
a1vUX000000K0NFYA0,2
a1v2J000003qmcMQAQ,7
a1v2J000003LPaiQAG,12
a1v2J000003LHw2QAG,10
a1v2J000003LHHEQA4,10
a1v2J000003LGQyQAO,10
a1v2J000003LHH4QAO,10
a1v2J000003uTqdQAE,8
a1v2J000003LGCHQA4,9
a1v2J000003lFWgQAM,4
a1v2J000003L8AbQAK,8
a1v2J000003LI3DQAW,10
a1v2J000003MxwAQAS,3
a1v2J000003LHmvQAG,10
a1v2J000003LHn0QAG,10
a1v2J000004Y5L5QAK,5
a1v2J000003NgiFQAS,3
a1v2J000003m4KTQAY,5
a1v2J000003uxG6QAI,8
a1v2J000003MotCQAS,2
a1vUX000000X1wbYAC,4
a1v2J000003MTCgQAO,1
a1vUX000000dqMvYAI,6
a1v2J000004LMwMQAW,2
a1v2J000003MjurQAC,2
a1vUX000000r1M9YAI,7
a1v2J000003kvPpQAI,5
a1vUX000000MYpSYAW,3
a1v2J0000048IFqQAM,12
a1v2J000004XvEXQA0,4
a1v2J000003lFSUQA2,4
a1v2J000003M3luQAC,12
a1v2J000003q6qDQAQ,7
a1v2J0000048AR2QAM,11
a1v2J000003lFWMQA2,4
a1vUX000000mXsvYAE,7
a1vUX000000j7erYAA,6
a1v2J000004XphcQAC,4
a1v2J000003MbHhQAK,2
a1v2J0000048AUBQA2,11
a1v2J000003vJj1QAE,9
a1v2J000003e96WQAQ,11
a1v2J000003N97fQAC,2
a1v2J000003k7fIQAQ,4
a1vHt000004a6u3IAA,5
a1v2J000003NgMPQA0,3
a1v2J000003M7I7QAK,1
a1vHt0000057XNlIAM,9
a1v2J000003N1C6QAK,2
a1v2J000004G201QAC,1
a1vHt000004ncfjIAA,7
a1v2J000003Mpv5QAC,2
a1vUX000000ClO9YAK,2
a1v2J000003v06hQAA,8
a1v2J000004YRrvQAG,4
a1v2J000003slsqQAA,7
a1v2J000004YXGAQA4,4
a1v2J000003MoraQAC,2
a1v2J000003NgitQAC,4
a1v2J000003uxHEQAY,8
a1v2J000003NfY2QAK,3
a1v2J0000043FY8QAM,10
a1vHt000004vEiYIAU,8
a1v2J000004Nzp0QAC,3
a1v2J000003NFtWQAW,3
a1v2J000003N6CPQA0,2
a1v2J000003Ne3ZQAS,3
a1v2J000003j5QoQAI,4
a1v2J000003Mr5yQAC,3
a1v2J000003NdNJQA0,3
a1v2J000004G20BQAS,1
a1v2J000003McE2QAK,1
a1v2J000004DjbGQAS,12
a1vHt000004gY95IAE,11
a1v2J000003MjwdQAC,1
a1v2J000004LqzjQAC,2
a1v2J000003nfnSQAQ,6
a1vHt000004nJOtIAM,7
a1v2J000003NDl8QAG,3
a1v2J000003ixB3QAI,4
a1v2J000003Za0OQAS,6
a1vUX000000O9BpYAK,3
a1v2J000003NSSoQAO,3
a1v2J000003lZHBQA2,5
a1v2J000003NhRAQA0,3
a1v2J000003YVnWQAW,5
a1vHt0000055Zl0IAE,8
a1v2J000004E6NaQAK,1
a1v2J000003q6o7QAA,7
a1vUX0000011pfpYAA,9
a1v2J000003jbsKQAQ,5
a1vHt000004lFpWIAU,6
a1v2J000003vKIyQAM,9
a1v2J000004E6HXQA0,12
a1v2J000003vJjfQAE,9
a1vHt000004vfsbIAA,8
a1v2J000003rvP2QAI,7
a1v2J000003n6XgQAI,6
a1v2J000003sln7QAA,8
a1v2J000003j5WwQAI,4
a1v2J000003j5WcQAI,4
a1v2J0000048QnhQAE,11
a1v2J000003jAm4QAE,4
a1vUX000000mB7dYAE,7
a1v2J000004LiamQAC,2
a1v2J000003j5ayQAA,4
a1v2J000003jAn7QAE,5
a1v2J000004LZzLQAW,1
a1v2J000003ZCunQAG,6
a1vHt000004lkEwIAI,6
a1v2J000003uLr8QAE,9
a1v2J000003ZZtrQAG,6
a1v2J000004O0I6QAK,3
a1v2J000003lZHfQAM,5
a1v2J000003ZTPFQA4,6
a1v2J000003qmc2QAA,7
a1vHt000005539WIAQ,8
a1v2J000003kq4CQAQ,4
a1v2J000004OfTLQA0,4
a1v2J000004CqAlQAK,1
a1v2J000003vLfgQAE,9
a1v2J000003nUihQAE,6
a1vHt000004lFZDIA2,6
a1v2J000003kDiZQAU,4
a1v2J000003oLWuQAM,7
a1v2J0000048IQKQA2,11
a1v2J000003Zfz1QAC,6
a1vUX000000VVvZYAW,4
a1v2J000004MYG2QAO,3
a1v2J000003ZfywQAC,6
a1v2J000003qme3QAA,8
a1v2J000003oLQcQAM,6
a1v2J0000048RFqQAM,11
a1v2J000003mAQhQAM,5
a1v2J000004NuFIQA0,3
a1v2J000003ZCtfQAG,6
a1v2J000003ubjjQAA,9
a1v2J000004BAzjQAG,11
a1vHt000005774TIAQ,9
a1vHt0000057XTKIA2,9
a1v2J000003q6s7QAA,7
a1v2J0000044AiSQAU,10
a1v2J000003ZmhvQAC,6
a1vUX000000ast7YAA,5
a1vUX000000h5pFYAQ,6
a1v2J000004XphSQAS,4
a1v2J000003ZZvnQAG,6
a1v2J000003Z6S9QAK,6
a1v2J000004M3CFQA0,3
a1vHt000004njUhIAI,6
a1v2J000004NuNRQA0,3
a1v2J000003v1k7QAA,9
a1vUX000000gkKzYAI,6
a1v2J000003ZZy3QAG,6
a1v2J000004LA5wQAG,2
a1vUX000000zfSrYAI,9
a1v2J000004YiJXQA0,4
a1v2J000003cyD5QAI,11
a1vUX000000UdwnYAC,4
a1vUX000000BKLBYA4,1
a1vUX000000I7hNYAS,2
a1v2J000003rVJiQAM,7
a1v2J000003nfpiQAA,6
a1v2J0000040QgoQAE,9
a1v2J0000042dR1QAI,10
a1v2J0000040QgUQAU,9
a1v2J000003nfqbQAA,6
a1v2J000003nfqqQAA,6
a1vHt000004t2QVIAY,7
a1v2J000003cy98QAA,10
a1vUX000000BJc1YAG,1
a1v2J000003aB2zQAE,6
a1vHt000004uYU0IAM,7
a1v2J000003dbpfQAA,11
a1vUX000000B34DYAS,2
a1v2J000004NuGkQAK,4
a1vHt000004vn9bIAA,8
a1v2J000003uyp4QAA,8
a1v2J000003uxKXQAY,8
a1v2J000003qMBJQA2,7
a1vUX000000FQGjYAO,3
a1vHt000004aD2QIAU,5
a1v2J000004NuFDQA0,3
a1v2J0000043FfTQAU,10
a1v2J000003pF4TQAU,7
a1v2J000004ZwsMQAS,5
a1v2J000004LMwRQAW,3
a1v2J000004NzpPQAS,3
a1v2J000004Mm8bQAC,3
a1v2J000004Mm90QAC,3
a1vHt000004u6tiIAA,7
a1v2J000003zZLaQAM,9
a1vUX000000WY3NYAW,4
a1v2J000004NzqSQAS,3
a1v2J000004Cq9YQAS,12
a1v2J000003uyJEQAY,8
a1v2J000003uxK8QAI,8
a1v2J00000437i0QAA,10
a1vHt000004mFyCIAU,6
a1v2J000004YWvtQAG,5
a1v2J000003dkVGQAY,11
a1vUX000001ByczYAC,10
a1v2J000004G206QAC,1
a1v2J0000043FYIQA2,10
a1vHt000004ncaAIAQ,7
a1v2J000003dbjmQAA,11
a1vUX000000DT0zYAG,2
a1vHt000004nCaKIAU,6
a1v2J000003uU22QAE,8
a1v2J000004NuJtQAK,3
a1v2J000004XutPQAS,4
a1vHt000004akinIAA,5
a1v2J00000495i0QAA,11
a1vHt000004vfsRIAQ,8
a1v2J000003uxF3QAI,8
a1vHt000004npQnIAI,6
a1vHt000004mi1UIAQ,8
a1vHt000004vn9RIAQ,7
a1v2J000004YX45QAG,4
a1v2J000003vKIZQA2,9
a1vHt000004sv8eIAA,7
a1v2J0000049ztRQAQ,11
a1v2J000003zZMxQAM,9
a1vHt0000054oHRIAY,7
a1v2J0000043g1UQAQ,10
a1v2J000003zZLVQA2,9
a1v2J0000043FYXQA2,10
a1vHt000004l3YtIAI,7
a1vHt000004awdaIAA,5
a1v2J000004G2A3QAK,1
a1vHt0000058OtzIAE,9
a1vUX000000DgO1YAK,2
a1vHt000004sv8FIAQ,7
a1v2J000004OaEsQAK,4
a1vHt000004gXd9IAE,11
a1v2J000004XurxQAC,4
a1vHt000004mG0DIAU,6
a1vHt000004bDOoIAM,5
a1vHt000005BOmZIAW,10
a1v2J000004Bok3QAC,12
a1vHt000005B0WAIA0,10
a1v2J000004Z9KOQA0,5
a1v2J000004NkZ4QAK,3
a1vHt000004wJIgIAM,11
a1v2J000004CqPCQA0,1
a1v2J000004G202QAC,1
a1v2J000004Lj2vQAC,2
a1vHt000004vfrnIAA,8
a1vUX000000OeHFYA0,4
a1v2J000004LeffQAC,2
a1v2J000004XuvVQAS,4
a1vUX000000lv9JYAQ,7
a1vHt000004lFpbIAE,6
a1vUX000000jvJtYAI,6
a1v2J000004823AQAQ,11
a1vHt00000590BwIAI,10
a1vUX00000058wDYAQ,1
a1vUX000000YguTYAS,5
a1v2J0000048RDzQAM,11
a1vHt0000056VfwIAE,8
a1vHt000004sv7HIAQ,7
a1v2J000003eWskQAE,11
a1vHt000004ncnJIAQ,7
a1vUX000000q3kzYAA,7
a1vHt000004fZfaIAE,11
a1v2J000004McfoQAC,3
a1vHt000004njIbIAI,6
a1vHt0000059yLAIAY,10
a1vUX000000eEibYAE,6
a1v2J000004NuAIQA0,3
a1vHt000004uRC4IAM,7
a1v2J000004E6NvQAK,1
a1vUX000001U1AzYAK,11
a1vHt000004l3RdIAI,5
a1v2J000004CqAMQA0,12
a1vUX0000012bvmYAA,9
a1v2J000004BAy2QAG,11
a1vHt000004tuHvIAI,7
a1vHt000004nCc1IAE,6
a1vHt000004lwvaIAA,6
a1vHt000004b3HsIAI,6
a1v2J000004ZaWvQAK,5
a1v2J000004E6NpQAK,1
a1vHt000004ldxBIAQ,7
a1vUX000001643ZYAQ,9
a1vUX000000CGtpYAG,1
a1vUX000000CaJ4YAK,2
a1vHt000004kasAIAQ,6
a1vUX000000mePlYAI,7
a1vUX000000zSU1YAM,10
a1vUX000001ZICnYAO,12
a1vHt000005AV2IIAW,11
a1v2J000004NkaqQAC,3
a1vHt0000057XX2IAM,9
a1vHt000005BH7SIAW,10
a1vHt000004gbAGIAY,12
a1v2J000004XvFBQA0,4
a1v2J000004XutUQAS,4
a1vHt000005AV2mIAG,10
a1vUX000000upkbYAA,8
a1vHt000004sv9IIAQ,7
a1vUX000001BC8XYAW,10
a1vUX000000De1FYAS,2
a1v2J000004YiQJQA0,4
a1vHt000004bDTKIA2,5
a1vUX000000gYEzYAM,6
a1vUX000000dxrRYAQ,5
a1vUX000000LLXhYAO,4
a1vHt0000056VkNIAU,9
a1v2J000004Mq4QQAS,3
a1v2J000004Mq4VQAS,3
a1vHt000004ga8iIAA,12
a1vUX000000BfpRYAS,1
a1vUX000000XY4XYAW,4
a1vHt000004gbAaIAI,12
a1v2J000004Yo5LQAS,4
a1vUX0000017AGbYAM,9
a1vHt0000059c3jIAA,10
a1vHt000005893TIAQ,9
a1vUX000000A4aDYAS,3
a1vUX000000A5hZYAS,2
a1vHt0000059c3oIAA,10
a1vUX000000A4YbYAK,1
a1vUX000000TUqjYAG,4
a1vUX000000YgjBYAS,5
a1vUX000000O6HBYA0,4
a1v2J000004XuvBQAS,4
a1vHt000004gY1QIAU,11
a1vHt0000057XO0IAM,9
a1vHt000004uDhYIAU,7
a1vUX000000INvpYAG,5
a1vHt000004gagVIAQ,12
a1vUX000000BKRdYAO,1
a1vUX000000sJKDYA2,8
a1v2J000004XND8QAO,4
a1vHt00000563cXIAQ,8
a1vUX000000Pr17YAC,3
a1v2J000004YWulQAG,5
a1vHt000004l3PwIAI,6
a1v2J000004XbsmQAC,4
a1vUX000000gf0LYAQ,6
a1vHt000004gZOGIA2,12
a1vUX000000EtnpYAC,2
a1vUX000000mvOzYAI,7
a1vHt000004gbyGIAQ,1
a1vHt000004kat8IAA,5
a1v2J000004XbhZQAS,4
a1vHt000004aqOwIAI,5
a1vHt000004lkO3IAI,6
a1vHt000004gbbWIAQ,12
a1vUX000000NN3xYAG,3
a1vHt000004kqrPIAQ,5
a1vHt000004kasUIAQ,5
a1vUX0000012c5RYAQ,9
a1vUX000000wEfJYAU,8
a1vUX000001AjOHYA0,10
a1vHt000004seJVIAY,8
a1vUX000000SLHdYAO,4
a1vUX000000UitFYAS,4
a1vHt000004ZxIFIA0,5
a1vHt000004soU3IAI,7
a1vUX000001SfXVYA0,11
a1vHt000004aklcIAA,5
a1vHt000004vfquIAA,8
a1vHt000004jw9YIAQ,6
a1vHt000005AMGwIAO,10
a1vHt000004lkODIAY,6
a1vHt000004lkE3IAI,6
a1vHt000005AEnaIAG,10
a1vUX000000UezJYAS,4
a1vUX000000XOmjYAG,4
a1vHt000004ldzHIAQ,6
a1vUX0000004UabYAE,12
a1vHt000004le7pIAA,6
a1vHt000005B0WeIAK,10
a1vHt0000059JZjIAM,9
a1vHt000004wJI2IAM,11
a1vHt000004kqoVIAQ,6
a1vHt000004wK5nIAE,10
a1vHt000004nJMYIA2,7
a1vUX000000gX7dYAE,6
a1vHt000005BtRRIA0,10
a1vHt000004gaLcIAI,11
a1vUX0000009rjRYAQ,1
a1vHt000004gZTQIA2,12
a1vUX000000JucnYAC,3
a1vUX000000z7KjYAI,9
a1vHt000004gY4AIAU,11
a1vHt000004gaqBIAQ,12
a1vUX000001N2gTYAS,11
a1vUX000000KmbZYAS,3
a1vUX000000V973YAC,4
a1vUX000000Zd1hYAC,5
a1vHt000005AV6UIAW,10
a1vHt00000590NdIAI,10
a1vUX000000tmOzYAI,8
a1vHt000004o3RHIAY,6
a1vHt0000057Xp6IAE,9
a1vUX000000Zc0nYAC,5
a1vHt000003mxqyIAA,7
a1vUX000000AamzYAC,1
a1vUX000000KGDVYA4,3
a1vUX000001YPTFYA4,12
a1vUX000000jT13YAE,6
a1vHt0000057WMhIAM,9
a1vUX000000gXvdYAE,6
a1vUX000000lso9YAA,6
a1vUX000001Jzf7YAC,10
a1vUX000000IfKrYAK,2
a1vUX000000QVONYA4,3
a1vHt0000055uMsIAI,8
a1vHt0000058eAxIAI,9
a1vUX000000UjfdYAC,4
a1vUX000000lsOLYAY,6
a1vUX000000qxtdYAA,7
a1vUX000000bSmvYAE,5
a1vHt000004gb9IIAQ,1
a1vUX000000mAxxYAE,7
a1vUX0000016NSnYAM,11
a1vUX000000KckHYAS,3
a1vUX000000xVZFYA2,9
a1vUX000000dtvtYAA,6
a1vUX000000IhJSYA0,2
a1vUX000000DNgLYAW,2
a1vUX000000K1ZSYA0,3
a1vUX000000MYUTYA4,3
a1vUX000000F1GjYAK,2
a1vUX000000zgGrYAI,9
a1vUX000001K2WZYA0,11
a1vUX000001YtzBYAS,12
a1vUX000000r225YAA,7
a1vUX000000aC2fYAE,5
a1vUX000000MK3JYAW,3
a1vUX000000KnvpYAC,3
a1vUX000000FMHxYAO,2
a1vUX000000EtSrYAK,2
a1vUX000000hC7ZYAU,6
a1vUX000000eAofYAE,5
a1vUX000001agjJYAQ,12
a1vHt000004gOz4IAE,11
a1vUX000000Q7YvYAK,3
a1vHt000004gbnNIAQ,1
a1vUX000000q75RYAQ,7
a1vHt0000058W8uIAE,9
a1vUX00000146HZYAY,9
a1vUX000000ZcnBYAS,5
a1vUX000000e657YAA,5
a1vUX000001H8mzYAC,11
a1vUX000000K7YPYA0,2
a1vUX000000K7WnYAK,2
a1vHt000004gcDBIAY,1
a1vHt0000059TGGIA2,10
a1vUX000000tAtBYAU,8
a1vHt000004wLEqIAM,11
a1vUX000001EQzlYAG,10
a1vUX000000KnUPYA0,3
a1vUX000000HCWDYA4,3
a1vUX000000BJiTYAW,1
a1vUX000001W2XZYA0,12
a1vUX000000qvILYAY,8
a1vUX000001Slt4YAC,11
a1vUX000000TvfdYAC,4
a1vUX0000015ZSnYAM,9
a1vUX000001RcrpYAC,12
a1vUX000000Gt5NYAS,2
a1vUX000000Ygo1YAC,4
a1vUX000000PoKzYAK,3
a1vUX000001QZ9eYAG,12
a1vUX000000I06PYAS,4
a1vUX000001JwULYA0,10
a1vUX000000j6xJYAQ,6
a1vUX000001F5RpYAK,10
a1vUX000000TpjtYAC,4
a1vUX000001H1taYAC,10
a1vUX000000bFT7YAM,6
a1vUX000000KgMTYA0,3
a1vUX000000Q4j7YAC,5
a1vUX000000gYi1YAE,6
a1vUX000000Uk5RYAS,4
a1vUX000001775pYAA,9
a1vUX000001TOftYAG,11
a1vUX000001TOWDYA4,11
a1vUX000001TOeHYAW,11
a1vUX000000tAhtYAE,8
a1vUX000001QFCXYA4,11
a1vUX000001U0GXYA0,12
a1vUX000000bW8zYAE,5
a1vUX000000Uki9YAC,4
a1vUX000000Tq6TYAS,4
a1vUX000000ptyXYAQ,9
a1vUX000000mo2XYAQ,7
a1vUX000000twPxYAI,8
a1vUX0000012OC9YAM,9
a1vUX000000O98bYAC,3
a1vUX000000lr5hYAA,7
a1vUX0000019frOYAQ,10
a1vUX000000ZYEvYAO,6
a1vUX000000KgPiYAK,3
a1vUX000000SykPYAS,4
a1vUX000000xr1tYAA,8
a1vUX000000gzDZYAY,7
a1vUX000000RyMfYAK,4
a1vUX000001LbGvYAK,11
a1vUX000000rYI5YAM,7
a1vUX000001QDfNYAW,11
a1vUX000000e68LYAQ,6
a1vUX000001Al9xYAC,10
a1vUX000000RymTYAS,4
a1vUX000000mMmDYAU,7
a1vUX000000Yg6TYAS,5
a1vUX000000VBFJYA4,6
a1vUX000001SdaXYAS,12
a1vUX000000YNwfYAG,7
a1vUX000000bG7RYAU,5
a1vUX000000moaPYAQ,7
a1vUX000001YNb7YAG,12
a1vUX000001HB3KYAW,10
a1vUX000000drpFYAQ,5
a1vUX000000q3cvYAA,7
a1vUX000000gXxFYAU,6
a1vUX000000tefxYAA,8
a1vUX000000vjrdYAA,8
a1vUX000000dmSzYAI,6
a1vUX000000b7c1YAA,5
a1vUX000001EktdYAC,10
a1vUX000000j6kPYAQ,7
a1vUX0000011pskYAA,9
a1vUX000000lwWnYAI,7
a1vUX000000xEjhYAE,8
a1vUX000000tflhYAA,8
a1vUX000000pMEcYAM,7
a1vUX000000kgDxYAI,6
a1vUX000001PWnJYAW,11
a1vUX0000011sAfYAI,9
a1vUX000001PWXBYA4,12
a1vUX000000rjDVYAY,8
a1vUX000001LDWLYA4,10
a1vUX000000mu1VYAQ,7
a1vUX000000muUXYAY,7
a1vUX000000vuThYAI,9
a1vUX000001KPuXYAW,11
a1vUX000001CC01YAG,10
a1vUX000001KP89YAG,11
a1vUX0000011rXxYAI,11
a1vUX000000zchtYAA,9
a1vUX00000163kDYAQ,9
a1vUX000000ueSbYAI,8
a1vUX000001avDhYAI,12
a1vUX000000zOlNYAU,9
a1vUX0000011s0zYAA,9
a1vUX0000017pLOYAY,10
a1vUX000001ShJBYA0,11
a1vUX000001KoxlYAC,10
a1vUX000001AZrxYAG,10
a1vUX000001QEl7YAG,11
a1vUX000001ZGhFYAW,12
a1vUX000001ZI7xYAG,12
a1vUX000001WZOfYAO,12
a1vUX000001KMTdYAO,10
a1vUX000001Nv3RYAS,11
a1vUX000001Rd37YAC,11
a1vUX000001WbVJYA0,12
a1vUX000001NoErYAK,11
a1vUX000001SYCfYAO,11
a1vUX000001W3ILYA0,12
a1v2J000002uSc7QAE,8
a1v2J0000027WdAQAU,11
a1v2J000003SFbEQAW,10
a1v2J0000038NdfQAE,8
a1v2J0000028JZoQAM,7
a1v2J0000038NizQAE,8
a1v2J0000028HrFQAU,5
a1v2J000002cWIxQAM,1
a1v2J000003Tm90QAC,1
a1v2J000003lyW4QAI,5
a1vUX000000UOT7YAO,4
a1v2J000004LYFiQAO,3
a1vHt000004utlaIAA,7
a1vUX000001QTLxYAO,11
a1v2J000003TikgQAC,12
a1v2J000003TvUbQAK,12
a1v2J000003Lr36QAC,12
a1v2J000003LOxsQAG,11
a1v2J000003e0iqQAA,10
a1v2J000003LwEkQAK,2
a1v2J000003LkZKQA0,12
a1vUX000000LoJZYA0,2
a1v2J000003M0TtQAK,1
a1v2J000003LcU4QAK,11
a1v2J000003zZKcQAM,9
a1v2J000003LxfaQAC,1
a1v2J000003NIVXQA4,2
a1v2J000004OfYLQA0,3
a1v2J000003MdGAQA0,1
a1v2J000003NZlHQAW,3
a1v2J000003Mps6QAC,3
a1v2J000003MNBfQAO,1
a1v2J000003MgnKQAS,1
a1v2J000003MNBzQAO,1
a1v2J000003MNC9QAO,1
a1v2J000003MVJDQA4,1
a1v2J000003MVJNQA4,1
a1v2J000003MVJcQAO,1
a1v2J000003MBGqQAO,12
a1v2J000003MNCTQA4,12
a1v2J000003MVJSQA4,1
a1v2J000003MVK6QAO,1
a1v2J000003MVJXQA4,1
a1v2J000003MVJwQAO,1
a1v2J000003MVJhQAO,1
a1v2J000003MVJrQAO,1
a1v2J000003MVJmQAO,1
a1v2J000003MVJxQAO,1
a1v2J000003MVNtQAO,1
a1v2J000003MVMbQAO,1
a1v2J000003MNCJQA4,1
a1v2J000003MvpxQAC,3
a1v2J000003MvusQAC,2
a1v2J000003Mw7DQAS,3
a1v2J000003NUYjQAO,2
a1v2J000003N23IQAS,2
a1v2J000003YVjUQAW,5
a1v2J000003k1uWQAQ,4
a1v2J000003j5VoQAI,3
a1v2J00000495ynQAA,12
a1v2J000004MYEVQA4,2
a1v2J000003rdnzQAA,7
a1v2J000003rdnuQAA,7
a1v2J000004MGNwQAO,2
a1v2J000004CSnsQAG,1
a1v2J000004LN1WQAW,2
a1vUX000000GvgfYAC,2
a1vUX000001RnC9YAK,11
a1v2J00000482FVQAY,10
a1v2J000004MGMJQA4,2
a1vUX000001SkAbYAK,11
a1v2J000004LiiMQAS,1
a1v2J00000495z2QAA,12
a1v2J0000043WkLQAU,9
a1v2J0000043Wo8QAE,11
a1v2J0000044jtmQAA,10
a1v2J000003dE9sQAE,10
a1v2J000003e0ilQAA,10
a1v2J00000482FaQAI,10
a1v2J0000048AHgQAM,10
a1vHt000004ga5AIAQ,11
a1v2J0000049jL8QAI,11
a1v2J00000495xBQAQ,1
a1v2J000004MGKhQAO,2
a1vHt0000059Te8IAE,10
a1v2J000004AljwQAC,11
a1vUX0000006pz7YAA,2
a1v2J000004BB0SQAW,11
a1v2J000004Lis7QAC,1
a1v2J000004BXahQAG,11
a1v2J000004D6jkQAC,12
a1v2J000004LihYQAS,1
a1v2J000004LmrrQAC,2
a1v2J000004CSjPQAW,1
a1vUX000001OY1ZYAW,11
a1v2J000004C8eEQAS,11
a1v2J000004EiBBQA0,2
a1v2J000004MGKDQA4,2
a1v2J000004G2GBQA0,1
a1v2J000004DNLzQAO,2
a1v2J000004LmsaQAC,2
a1vHt000004aIdmIAE,4
a1v2J000004LmrIQAS,2
a1v2J000004Lej8QAC,1
a1v2J000004MBW4QAO,2
a1v2J000004OEumQAG,3
a1v2J000004LirsQAC,1
a1v2J000004McWrQAK,2
a1v2J000004Mch6QAC,2
a1v2J000004MchkQAC,2
a1vUX000001OXlRYAW,11
a1v2J000004MtxhQAC,2
a1v2J000004NEpwQAG,2
a1v2J000002edhrQAA,3
a1v2J000002eeJRQAY,3
a1v2J000002eeJMQAY,3
a1v2J000004ZqemQAC,4
a1v2J000004XMuAQAW,3
a1v2J000004Xpo4QAC,3
a1v2J000004XMuKQAW,3
a1v2J000004ZLM2QAO,4
a1vUX000000MHobYAG,3
a1v2J000004ZqgJQAS,4
a1v2J000004YiXUQA0,3
a1v2J0000028zm0QAA,10
a1v2J0000027KnaQAE,11
a1v2J0000027QveQAE,3
a1v2J0000027KCCQA2,12
a1v2J0000027LRRQA2,12
a1v2J0000027LfzQAE,1
a1v2J000002ABC2QAO,1
a1v2J00000399lXQAQ,10
a1v2J0000027MFJQA2,1
a1v2J0000027PHmQAM,2
a1v2J0000027KCjQAM,3
a1v2J000002AAoEQAW,1
a1v2J0000027KopQAE,2
a1v2J0000027KBwQAM,1
a1v2J000002ABZaQAO,2
a1v2J0000027QOaQAM,3
a1v2J0000027MFZQA2,3
a1v2J0000027O64QAE,2
a1v2J0000027PGnQAM,1
a1v2J0000027QMHQA2,1
a1v2J0000027MFXQA2,3
a1v2J0000039WejQAE,12
a1v2J0000027LRAQA2,4
a1v2J0000027KBpQAM,4
a1v2J0000027O6IQAU,1
a1v2J0000029SQwQAM,1
a1v2J0000027QwvQAE,3
a1v2J0000027LQXQA2,2
a1v2J0000027Mx0QAE,3
a1v2J0000028zlsQAA,2
a1v2J0000027LPsQAM,2
a1v2J000002ABc5QAG,1
a1v2J0000028zm5QAA,4
a1v2J0000027KmuQAE,2
a1v2J0000027QLxQAM,11
a1v2J0000027LgiQAE,11
a1v2J0000039C6RQAU,10
a1v2J0000027PGcQAM,11
a1v2J0000027PGTQA2,11
a1v2J0000027LgjQAE,12
a1v2J000003A6ucQAC,2
a1v2J0000027OctQAE,11
a1v2J000003TlAFQA0,12
a1v2J0000027PoWQAU,11
a1v2J0000027KCRQA2,11
a1v2J0000027KCoQAM,11
a1v2J0000027OclQAE,11
a1v2J0000029SQzQAM,11
a1v2J000002AAr6QAG,12
a1v2J0000027QMIQA2,2
a1v2J0000027O6fQAE,1
a1v2J0000039ktkQAA,12
a1v2J0000027Kp3QAE,11
a1v2J0000039ksSQAQ,12
a1v2J0000027QM9QAM,10
a1v2J00000294o2QAA,10
a1v2J0000027OdAQAU,11
a1v2J0000039LqQQAU,11
a1v2J0000027O6FQAU,11
a1v2J0000027PGiQAM,11
a1v2J000002ABaMQAW,11
a1v2J000002AC6uQAG,11
a1v2J0000027NUgQAM,11
a1v2J0000027LfYQAU,11
a1v2J0000027KmdQAE,12
a1v2J0000027KBbQAM,12
a1v2J000002AC6JQAW,1
a1v2J0000027LhHQAU,10
a1v2J0000027KohQAE,11
a1v2J000002ueH6QAI,3
a1v2J0000029SQjQAM,10
a1v2J0000027KoXQAU,10
a1v2J0000038RjUQAU,10
a1v2J0000038RjTQAU,10
a1v2J0000028zmRQAQ,11
a1v2J0000027QNFQA2,10
a1v2J000002ueHLQAY,3
a1v2J0000027KoTQAU,10
a1v2J0000027LgFQAU,11
a1v2J0000027Lh5QAE,10
a1v2J0000027QwIQAU,3
a1v2J0000028zmQQAQ,1
a1v2J0000027OcYQAU,11
a1v2J0000027KndQAE,11
a1v2J0000028zlvQAA,12
a1v2J0000027KoKQAU,1
a1v2J0000027KCcQAM,1
a1v2J000002AAoYQAW,11
a1v2J0000027PGVQA2,12
a1v2J0000027PovQAE,11
a1v2J0000029SQnQAM,11
a1v2J0000029SQdQAM,2
a1v2J0000028zm9QAA,1
a1v2J0000027Mv9QAE,11
a1v2J0000027O5bQAE,2
a1v2J0000029SQgQAM,1
a1v2J000002ABZRQA4,3
a1v2J000002AAs1QAG,12
a1v2J000002AAosQAG,11
a1v2J0000027KnyQAE,1
a1v2J0000027KpNQAU,1
a1v2J0000027KoVQAU,11
a1v2J0000028zmCQAQ,1
a1v2J0000027MHkQAM,1
a1v2J0000027OacQAE,11
a1v2J0000027OcoQAE,1
a1v2J0000027KmnQAE,12
a1v2J0000027LRUQA2,12
a1v2J0000027KpWQAU,12
a1v2J000002946SQAQ,2
a1v2J0000027O5sQAE,12
a1v2J000002AC7eQAG,3
a1v2J0000028zm3QAA,1
a1v2J000002edizQAA,3
a1v2J0000027KnxQAE,1
a1v2J000002ABC1QAO,2
a1v2J000002AAmfQAG,2
a1v2J0000027PGKQA2,10
a1v2J0000027MxFQAU,10
a1v2J0000027OcpQAE,10
a1v2J0000027KC7QAM,11
a1v2J0000027MwaQAE,11
a1v2J000002ABBYQA4,12
a1v2J000002ABaUQAW,10
a1v2J0000027PGGQA2,10
a1v2J0000027O5YQAU,11
a1v2J0000027MHUQA2,11
a1v2J000002AAmsQAG,10
a1v2J0000027PITQA2,10
a1v2J0000027LQVQA2,12
a1v2J0000027LhjQAE,11
a1v2J0000027LPcQAM,12
a1v2J000002AC5XQAW,11
a1v2J0000027O5cQAE,11
a1v2J0000027KobQAE,11
a1v2J0000027QLkQAM,12
a1v2J0000028zmPQAQ,12
a1v2J000002AB0gQAG,11
a1v2J0000027LRtQAM,12
a1v2J0000027PoyQAE,3
a1v2J0000027LfcQAE,11
a1v2J0000029SQmQAM,2
a1v2J0000027OalQAE,2
a1v2J0000027NVaQAM,3
a1v2J0000027OcyQAE,1
a1v2J0000027LhmQAE,3
a1v2J0000027KC6QAM,2
a1v2J0000027KorQAE,12
a1v2J0000027PntQAE,2
a1v2J0000039O7PQAU,11
a1v2J0000027QMMQA2,1
a1v2J0000027PIHQA2,3
a1v2J000002AAqjQAG,1
a1v2J0000027MwwQAE,11
a1v2J0000027CWfQAM,1
a1v2J0000027KmsQAE,10
a1v2J0000027KoqQAE,2
a1v2J0000027QN2QAM,1
a1v2J0000027PGhQAM,2
a1v2J000002AAoFQAW,12
a1v2J0000027LgnQAE,11
a1v2J0000027Od8QAE,1
a1v2J0000027KC5QAM,1
a1v2J0000027QMtQAM,1
a1v2J000002AC73QAG,1
a1v2J000002AB2KQAW,11
a1v2J0000027CWuQAM,2
a1v2J0000027KnLQAU,1
a1v2J0000027PGkQAM,11
a1v2J0000027Lh0QAE,1
a1v2J0000027CWpQAM,1
a1v2J000002AC6lQAG,3
a1v2J0000027QM0QAM,11
a1v2J0000027PGjQAM,11
a1v2J000002AAzaQAG,11
a1v2J0000027OcqQAE,11
a1v2J0000027KmwQAE,1
a1v2J000002ABaWQAW,11
a1v2J0000027Od0QAE,12
a1v2J000002AC5pQAG,11
a1v2J0000027QvPQAU,3
a1v2J000002AB2VQAW,11
a1v2J0000027KCXQA2,11
a1v2J0000027OaVQAU,2
a1v2J000002AAsSQAW,4
a1v2J000002AB16QAG,12
a1v2J000002uhx5QAA,3
a1v2J0000027CWoQAM,3
a1v2J0000029SQWQA2,12
a1v2J0000027OaDQAU,11
a1v2J0000027PGSQA2,11
a1v2J0000029SQYQA2,4
a1v2J0000029SQtQAM,12
a1v2J000002AB9LQAW,12
a1v2J0000027KBlQAM,12
a1v2J000002edj9QAA,3
a1v2J0000027KC0QAM,2
a1v2J000002AC7aQAG,2
a1v2J0000027MFgQAM,1
a1v2J0000027OcdQAE,1
a1v2J0000027Kp0QAE,1
a1v2J000002AC7FQAW,1
a1v2J0000027MFeQAM,1
a1v2J0000027Po5QAE,2
a1v2J0000027QMvQAM,1
a1v2J0000027QvJQAU,3
a1v2J0000027LgCQAU,11
a1v2J000002AC7ZQAW,5
a1v2J0000027LR6QAM,3
a1v2J0000027QOrQAM,3
a1v2J0000027KBWQA2,5
a1v2J0000027MwRQAU,10
a1v2J0000029SQcQAM,10
a1v2J0000039khjQAA,12
a1v2J0000028zmIQAQ,12
a1v2J0000027OcnQAE,11
a1v2J0000028zmMQAQ,11
a1v2J0000039kiXQAQ,12
a1v2J0000027QOHQA2,10
a1v2J0000027LRpQAM,11
a1v2J0000028zmJQAQ,11
a1v2J0000027MwTQAU,10
a1v2J000002AAobQAG,10
a1v2J000002AC5uQAG,10
a1v2J000002ABZpQAO,10
a1v2J0000027Ko1QAE,11
a1v2J0000027KBcQAM,4
a1v2J0000027O5yQAE,12
a1v2J000002eeKFQAY,3
a1v2J0000027LgfQAE,11
a1v2J000002ABAZQA4,10
a1v2J0000027KCaQAM,10
a1v2J0000028zm7QAA,11
a1v2J0000029SQVQA2,12
a1v2J000002AAsxQAG,10
a1v2J0000027O5kQAE,11
a1v2J0000027KmhQAE,12
a1v2J0000027LPdQAM,12
a1v2J000002AC5kQAG,1
a1v2J0000027LfZQAU,1
a1v2J0000027LPRQA2,12
a1v2J0000027CXHQA2,12
a1v2J0000027PoFQAU,11
a1v2J000002AAmeQAG,12
a1v2J0000027O6KQAU,12
a1v2J0000027LfVQAU,12
a1v2J0000027MF8QAM,12
a1v2J0000028zlxQAA,2
a1v2J0000027LS7QAM,2
a1v2J0000028zmLQAQ,2
a1v2J0000027KCIQA2,3
a1v2J0000027Qw4QAE,9
a1v2J0000027LPwQAM,2
a1v2J0000027NVRQA2,3
a1v2J0000028zlyQAA,3
a1v2J0000028zlzQAA,4
a1v2J0000027O6AQAU,11
a1v2J0000027QLmQAM,11
a1v2J0000027KpXQAU,1
a1v2J0000027Od1QAE,10
a1v2J000002ABBTQA4,9
a1v2J000002eeHkQAI,3
a1v2J0000027PnCQAU,11
a1v2J000002eedbQAA,3
a1v2J000002ABbBQAW,9
a1v2J000002AB0mQAG,11
a1v2J0000027PGsQAM,11
a1v2J0000027LhYQAU,11
a1v2J000002AAzyQAG,11
a1v2J0000029SQiQAM,11
a1v2J000002AAoAQAW,11
a1v2J0000027O5wQAE,10
a1v2J0000027KC1QAM,11
a1v2J0000027MFGQA2,11
a1v2J000002AC6oQAG,12
a1v2J000002AAmvQAG,11
a1v2J000002AAnMQAW,12
a1v2J0000027PIFQA2,2
a1v2J0000039Sw9QAE,11
a1v2J000002ueHkQAI,3
a1v2J0000027Mv8QAE,1
a1v2J000002uhDEQAY,3
a1v2J000002AAptQAG,10
a1v2J0000027LQnQAM,12
a1v2J0000027Pp4QAE,9
a1v2J0000027LRGQA2,11
a1v2J0000027LfsQAE,10
a1v2J0000028zmFQAQ,10
a1v2J0000027LRBQA2,12
a1v2J0000027KpjQAE,11
a1v2J0000027MwgQAE,10
a1v2J000002AAsUQAW,10
a1v2J0000027PGJQA2,10
a1v2J0000027KoYQAU,10
a1v2J000002AAopQAG,12
a1v2J000002ABc4QAG,10
a1v2J0000027LghQAE,11
a1v2J0000027QLwQAM,10
a1v2J0000027QMnQAM,10
a1v2J0000027QLuQAM,12
a1v2J0000027PFzQAM,10
a1v2J0000027QMrQAM,10
a1v2J0000027KCQQA2,10
a1v2J000002AAriQAG,11
a1v2J0000028zm1QAA,11
a1v2J0000027QvcQAE,11
a1v2J0000027QvjQAE,11
a1v2J0000038RnzQAE,12
a1v2J0000028zm4QAA,2
a1v2J0000027LRrQAM,11
a1v2J0000027CWsQAM,12
a1v2J0000027KnbQAE,12
a1v2J0000029SQvQAM,2
a1v2J0000027QwHQAU,2
a1v2J0000028zm6QAA,2
a1v2J0000027Ko7QAE,2
a1v2J0000027MFUQA2,1
a1v2J0000027PouQAE,12
a1v2J0000027KCWQA2,11
a1v2J000002ABaFQAW,12
a1v2J0000028zm8QAA,2
a1v2J0000027OcZQAU,11
a1v2J0000027O69QAE,12
a1v2J0000039aHvQAI,12
a1v2J0000027O6pQAE,3
a1v2J0000027QMzQAM,2
a1v2J0000027KogQAE,3
a1v2J000002ABblQAG,11
a1v2J0000027Kn7QAE,2
a1v2J0000027QORQA2,2
a1v2J0000027QvyQAE,2
a1v2J0000027KC2QAM,3
a1v2J0000027PGEQA2,3
a1v2J0000027KCVQA2,3
a1v2J0000027NWGQA2,4
a1v2J0000027QvqQAE,1
a1v2J000002AAqcQAG,3
a1v2J0000027QvuQAE,1
a1v2J0000027LfhQAE,2
a1v2J0000027LQPQA2,1
a1v2J0000027CWzQAM,2
a1v2J0000028zmHQAQ,11
a1v2J000002ABBaQAO,2
a1v2J0000027LiGQAU,2
a1v2J0000027KBuQAM,3
a1v2J0000027LgqQAE,3
a1v2J000002ABb6QAG,9
a1v2J000002AAqKQAW,3
a1v2J000002ABZ5QAO,3
a1v2J0000027KooQAE,11
a1v2J0000027QvrQAE,11
a1v2J0000027QvdQAE,3
a1v2J0000027PGYQA2,11
a1v2J0000027MweQAE,9
a1v2J0000027KCPQA2,11
a1v2J0000027LR7QAM,3
a1v2J0000029SQpQAM,11
a1v2J0000027KC8QAM,12
a1v2J0000027PICQA2,11
a1v2J0000027Kp1QAE,11
a1v2J0000029SQxQAM,11
a1v2J000002ufauQAA,5
a1v2J0000027MFHQA2,11
a1v2J0000027PIDQA2,11
a1v2J000002AC6rQAG,11
a1v2J0000027LQjQAM,12
a1v2J000002AAs5QAG,10
a1v2J0000028h6oQAA,2
a1v2J0000027MHJQA2,4
a1v2J000002AAnPQAW,12
a1v2J0000027KBnQAM,11
a1v2J0000027OcvQAE,1
a1v2J0000029SQqQAM,12
a1v2J0000028zmBQAQ,12
a1v2J0000039JDvQAM,10
a1v2J0000027PoLQAU,12
a1v2J0000029SQoQAM,9
a1v2J000002AAmqQAG,12
a1v2J0000027MwbQAE,1
a1v2J0000027PGDQA2,2
a1v2J0000027QMDQA2,2
a1v2J0000027KBOQA2,1
a1v2J0000029SQyQAM,1
a1v2J0000027O6LQAU,1
a1v2J000002AB9TQAW,1
a1v2J0000027LgtQAE,1
a1v2J0000027CX2QAM,2
a1v2J000002ABZlQAO,3
a1v2J0000027O6qQAE,3
a1v2J0000027OaiQAE,3
a1v2J0000027Pp3QAE,3
a1v2J000002AB0QQAW,3
a1v2J0000028zmGQAQ,10
a1v2J0000028zm2QAA,10
a1v2J000002ABasQAG,11
a1v2J000002ABbxQAG,11
a1v2J000002ABbfQAG,10
a1v2J0000027LQkQAM,9
a1v2J000002ABA8QAO,11
a1v2J0000029SQbQAM,10
a1v2J0000027Kp2QAE,11
a1v2J0000027LhbQAE,11
a1v2J0000027KCZQA2,12
a1v2J0000027QxNQAU,11
a1v2J0000029SQZQA2,12
a1v2J0000029SQaQAM,11
a1v2J0000039FAtQAM,10
a1v2J000002AC6tQAG,2
a1v2J000002AAzhQAG,12
a1v2J000002AAssQAG,11
a1v2J0000039SDMQA2,11
a1v2J0000027Od7QAE,11
a1v2J0000027LQyQAM,1
a1v2J0000027KC9QAM,12
a1v2J000002AC7tQAG,10
a1v2J000002ueIEQAY,3
a1v2J000002uhxKQAQ,3
a1v2J000002egsJQAQ,4
a1v2J0000028zmOQAQ,10
a1v2J0000027KmrQAE,10
a1v2J0000027QvnQAE,12
a1v2J0000027QwUQAU,11
a1v2J0000027LR0QAM,11
a1v2J0000027PGaQAM,11
a1v2J0000039FRwQAM,10
a1v2J0000027O5VQAU,11
a1v2J0000027QOCQA2,10
a1v2J0000027KneQAE,11
a1v2J0000027KCOQA2,10
a1v2J000002AB9KQAW,10
a1v2J0000027NWkQAM,11
a1v2J0000027MFTQA2,10
a1v2J0000027OcxQAE,10
a1v2J0000027LQWQA2,12
a1v2J0000027QN3QAM,11
a1v2J0000027KBrQAM,12
a1v2J0000027KCFQA2,11
a1v2J0000027MwQQAU,10
a1v2J0000027LRCQA2,12
a1v2J000002AAnvQAG,11
a1v2J0000027OceQAE,11
a1v2J000002AAnqQAG,10
a1v2J0000027LRyQAM,11
a1v2J0000029SQrQAM,11
a1v2J000002AC6vQAG,11
a1v2J0000027PGXQA2,11
a1v2J0000027PG9QAM,12
a1v2J000002AC64QAG,11
a1v2J0000027KBxQAM,1
a1v2J000002AB2LQAW,11
a1v2J0000028zlrQAA,1
a1v2J0000027QvXQAU,1
a1v2J0000027LgVQAU,1
a1v2J0000027LQzQAM,2
a1v2J0000028zmEQAQ,1
a1v2J0000029SQfQAM,11
a1v2J0000027KpUQAU,1
a1v2J000002ABapQAG,1
a1v2J0000027QwgQAE,3
a1v2J0000027KmpQAE,1
a1v2J000002ABbMQAW,4
a1v2J0000027KCmQAM,11
a1v2J000002AAqqQAG,4
a1v2J0000027PGQQA2,1
a1v2J0000039PefQAE,11
a1v2J0000039UJdQAM,11
a1v2J0000027MwUQAU,11
a1v2J0000027KBIQA2,3
a1v2J000002AB0nQAG,12
a1v2J0000027QNDQA2,9
a1v2J0000027KCNQA2,12
a1v2J0000029SQhQAM,10
a1v2J0000028zluQAA,11
a1v2J0000027MHDQA2,2
a1v2J0000027KoOQAU,12
a1v2J0000027CX4QAM,1
a1v2J0000027PGeQAM,1
a1v2J0000027KClQAM,11
a1v2J0000027LgRQAU,3
a1v2J0000027PIGQA2,1
a1v2J0000027CXGQA2,3
a1v2J0000028zmAQAQ,11
a1v2J0000028zltQAA,3
a1v2J0000028zmNQAQ,10
a1v2J0000027PISQA2,1
a1v2J000002AC6jQAG,11
a1v2J0000039hqzQAA,12
a1v2J000002AAsXQAW,2
a1v2J000002AArqQAG,10
a1v2J0000027CWiQAM,2
a1v2J0000027O6rQAE,1
a1v2J0000027CX1QAM,10
a1v2J0000027OahQAE,9
a1v2J0000027QOYQA2,10
a1v2J000002ABa2QAG,10
a1v2J0000039OQ7QAM,11
a1v2J0000027O5SQAU,11
a1v2J0000027KC4QAM,1
a1v2J0000027OcrQAE,10
a1v2J000002AB2RQAW,11
a1v2J0000027LPhQAM,3
a1v2J0000027MHVQA2,11
a1v2J0000027KmoQAE,3
a1v2J0000027CWYQA2,3
a1v2J0000027QOUQA2,10
a1v2J0000027LQgQAM,10
a1v2J0000027LRnQAM,11
a1v2J0000027KpSQAU,10
a1v2J0000027LgPQAU,3
a1v2J0000027LguQAE,3
a1v2J000002ubdCQAQ,3
a1v2J000002uhxeQAA,3
a1v2J000002eefgQAA,4
a1v2J000002eeHpQAI,3
a1v2J000002fA7dQAE,5
a1v2J000002uhAyQAI,3
a1v2J0000039Cd1QAE,10
a1v2J0000039He8QAE,11
a1v2J0000038ttZQAQ,9
a1v2J0000038ttjQAA,9
a1v2J00000396UOQAY,10
a1v2J000003NdJqQAK,3
a1v2J0000038w9eQAA,10
a1v2J0000039FSVQA2,10
a1v2J0000039FbSQAU,10
a1v2J0000038w9KQAQ,10
a1v2J0000039FEcQAM,11
a1v2J0000038w9tQAA,10
a1v2J0000039IQRQA2,10
a1v2J0000039ALRQA2,10
a1v2J0000039Fb3QAE,11
a1v2J0000039M4DQAU,11
a1v2J0000039LGeQAM,11
a1v2J0000039EcqQAE,10
a1v2J0000039FTiQAM,10
a1v2J0000039EMJQA2,11
a1v2J0000039LbpQAE,11
a1v2J0000039FixQAE,10
a1v2J0000039C8hQAE,10
a1v2J0000039QoVQAU,11
a1v2J0000039I54QAE,11
a1v2J0000039SEPQA2,11
a1v2J0000039IwfQAE,11
a1v2J0000039N6QQAU,11
a1v2J0000039CDcQAM,10
a1v2J0000039QxXQAU,11
a1v2J0000039OSNQA2,11
a1v2J0000039N8RQAU,11
a1v2J0000039FEbQAM,11
a1v2J0000039CcIQAU,10
a1v2J0000039U31QAE,11
a1v2J0000039LGKQA2,11
a1v2J0000039LGZQA2,11
a1v2J0000039U2wQAE,11
a1v2J0000039OHtQAM,11
a1v2J0000039N2OQAU,11
a1v2J0000039RHjQAM,11
a1v2J0000039MtvQAE,11
a1v2J0000039OCZQA2,11
a1v2J0000039Qv7QAE,11
a1v2J0000039NBGQA2,11
a1v2J0000039hnCQAQ,12
a1v2J0000039KJFQA2,11
a1v2J0000039JxxQAE,11
a1v2J0000039MwGQAU,11
a1v2J0000039MyMQAU,11
a1v2J0000039OMZQA2,11
a1v2J0000039N5cQAE,11
a1v2J0000039N32QAE,11
a1v2J0000039N58QAE,11
a1v2J0000039Wf3QAE,11
a1v2J0000039PeBQAU,11
a1v2J0000039XhhQAE,11
a1v2J0000039Xi1QAE,12
a1v2J0000039XvYQAU,12
a1v2J0000039XvEQAU,11
a1v2J0000039PdIQAU,11
a1v2J0000039XuVQAU,11
a1v2J0000039XiVQAU,11
a1v2J0000039XvnQAE,11
a1v2J0000039Xw7QAE,11
a1v2J0000039hmxQAA,12
a1v2J0000039PctQAE,12
a1v2J0000039PgWQAU,11
a1v2J0000039Pf9QAE,11
a1v2J0000039Pg2QAE,11
a1v2J0000039Xv4QAE,11
a1v2J0000039UHSQA2,11
a1v2J0000039UH8QAM,11
a1v2J0000039UHIQA2,11
a1v2J0000039UHcQAM,11
a1v2J0000039c80QAA,12
a1v2J0000039UHhQAM,11
a1v2J0000039UHDQA2,11
a1v2J0000039W60QAE,12
a1v2J0000039iloQAA,12
a1v2J0000039W6sQAE,12
a1v2J0000039W5zQAE,12
a1v2J0000039W22QAE,12
a1v2J0000039xHDQAY,1
a1v2J0000039VZ0QAM,11
a1v2J0000039XvTQAU,11
a1v2J0000039WfXQAU,12
a1v2J0000039aLnQAI,12
a1v2J0000039LqVQAU,11
a1v2J0000039LqfQAE,11
a1v2J0000039LGPQA2,11
a1v2J0000039LqkQAE,11
a1v2J0000039RHoQAM,11
a1v2J0000039U36QAE,11
a1v2J0000039RfCQAU,11
a1v2J0000039XfqQAE,12
a1v2J0000039Xg5QAE,12
a1v2J0000039XfvQAE,12
a1v2J0000039RhNQAU,11
a1v2J0000039hq6QAA,12
a1v2J0000039aK6QAI,12
a1v2J0000039cUqQAI,12
a1v2J0000039aI0QAI,12
a1v2J0000039bw4QAA,12
a1v2J0000039aO8QAI,12
a1v2J0000039dA7QAI,12
a1v2J0000039XhcQAE,12
a1v2J0000039ie4QAA,12
a1v2J0000039XgUQAU,12
a1v2J0000039XgeQAE,12
a1v2J0000039XgjQAE,12
a1v2J0000039hmiQAA,12
a1v2J0000039hqQQAQ,12
a1v2J0000039hrYQAQ,12
a1v2J0000039hoAQAQ,12
a1v2J0000039hpXQAQ,12
a1v2J0000039higQAA,12
a1v2J0000039ibUQAQ,12
a1v2J0000039hilQAA,12
a1v2J0000039klbQAA,1
a1v2J0000039hngQAA,12
a1v2J0000039xf4QAA,1
a1v2J0000039hnqQAA,12
a1v2J000003TlAAQA0,1
a1v2J0000039jDKQAY,12
a1v2J0000039kroQAA,12
a1v2J0000039kimQAA,12
a1v2J0000039jhoQAA,12
a1v2J0000039kt6QAA,12
a1v2J0000039xdhQAA,1
a1v2J000003A0ubQAC,1
a1v2J000003Lso6QAC,4
a1v2J0000039zIiQAI,2
a1v2J0000039zI9QAI,2
a1v2J0000039yooQAA,2
a1v2J000003A6slQAC,2
a1v2J000003A126QAC,2
a1v2J000003A13dQAC,1
a1v2J000003A12uQAC,1
a1v2J000004XphhQAC,3
a1v2J000003A1fEQAS,1
a1v2J000003TaD6QAK,12
a1v2J000003A1f9QAC,1
a1v2J000003A34lQAC,2
a1v2J000003A1rvQAC,1
a1v2J000003AACVQA4,2
a1v2J000003ADcyQAG,3
a1v2J000003AADJQA4,2
a1v2J000003AE9xQAG,3
a1v2J000003ADc0QAG,3
a1v2J000003A8nIQAS,2
a1v2J000003A8myQAC,2
a1v2J000003A8nXQAS,2
a1v2J000003A8nhQAC,3
a1v2J000003AMvoQAG,3
a1v2J000003AMw8QAG,3
a1v2J000003Tl7BQAS,12
a1v2J000002fdY7QAI,4
a1v2J000002fi4lQAA,4
a1v2J000002fi4gQAA,4
a1v2J000002fi3sQAA,4
a1vHt000004akdYIAQ,4
a1vHt000004wJ1uIAE,10
a1vHt000004wIoHIAU,10
a1vHt000004gYapIAE,11
a1vHt000004gadgIAA,2
a1vHt000005BOs3IAG,10
a1vHt000005BOrtIAG,10
a1vHt000005C0sQIAS,10
a1vHt000005BtUGIA0,10
a1vHt000004wInTIAU,10
a1vHt000004wJzkIAE,10
a1vHt000005AEenIAG,9
a1vUX0000006laXYAQ,1
a1vUX000001KTGbYAO,10
a1vHt000004fapbIAA,10
a1vHt000004g7uTIAQ,11
a1vHt000004wLEMIA2,11
a1vHt000004fZhHIAU,10
a1vHt000004wJLQIA2,10
a1vHt000004wJVCIA2,10
a1vUX000000MD1pYAG,3
a1vHt000004gcRrIAI,12
a1vHt000004gb64IAA,11
a1vHt000004gXkKIAU,11
a1vUX0000004REXYA2,12
a1vHt000004gZNXIA2,11
a1vHt000004gYewIAE,12
a1vUX000001EpzlYAC,10
a1vHt000004gbd8IAA,12
a1vUX000000CO9pYAG,1
a1vHt000004gadRIAQ,12
a1vHt000004gaoAIAQ,12
a1vUX000000cqs1YAA,5
a1vUX0000009YFNYA2,1
a1vUX000000IxMbYAK,3
a1vUX000000RWF7YAO,4
a1vUX000001PVhZYAW,11
a1vUX000000GvdSYAS,2
a1vUX000000B3x4YAC,2
a1vUX000000A47BYAS,2
a1vUX000000D5jRYAS,2
a1vUX000000CaMHYA0,1
a1vUX000000IS2fYAG,2
a1vUX000000EmMXYA0,3
a1vUX000000WdizYAC,4
a1vUX000000OSeHYAW,3
a1vUX000000LoTFYA0,2
a1vUX000000IS4HYAW,2
a1vUX000000OSkjYAG,4
a1vUX000000YMXaYAO,4
a1vUX000000V4H3YAK,4
a1vUX000000RwuLYAS,5
a1vUX000000VDgvYAG,4
a1vUX000000fB7ZYAU,5
a1vUX000000cAMXYA2,5
a1vUX000000dqI5YAI,5
a1vUX000000brDRYAY,5
a1vUX000001CbCvYAK,10
a1vUX000001CbcjYAC,10
a1vUX000001EpdBYAS,10
a1vUX000001JziLYAS,10
a1vUX000001EpenYAC,10
a1vUX000001cplhYAA,12
a1vUX000001JxTeYAK,11
a1vUX000001SmU9YAK,12
a1vUX000001SmPJYA0,12
a1vUX000001PyJlYAK,11
a1vUX000001UAe5YAG,11
